y1,y2,y3,y4,y5,y,god,x1,clu4_1
33,2.3,1.5,39.5,23.7,13866.30,2016,5.38,1
41.5,2.4,1.5,30.6,24,10800.10,2016,5.38,1
36.3,1.8,1.2,32.1,28.5,12420.20,2016,5.38,1
37.8,0.6,2.1,36.3,23.2,12211.40,2016,5.38,1
35.4,2.7,2.4,36.1,23.4,14918.50,2016,5.38,1
34.4,3.7,1.9,35.5,24.5,15170.10,2016,5.38,1
33.9,4.4,2.3,37.2,22.2,12499.10,2016,5.38,1
31.1,2.3,1.3,44.2,21.1,12657.10,2016,5.38,1
34.2,1.4,1.6,38,24.8,12340.50,2016,5.38,1
25.9,3,1.3,33.4,36.2,18887.90,2016,5.38,1
31.6,1.2,1.3,42.8,23.1,12193.50,2016,5.38,1
40.5,0.6,1.7,30,27.1,10654.90,2016,5.38,1
43.3,1.3,1.3,28.8,25.2,10109.10,2016,5.38,1
30.5,0.6,1.6,41.1,26.2,9468.40,2016,5.38,1
38.8,2.5,2.1,32.9,23.7,14427.80,2016,5.38,1
37.3,1.5,1.6,34.2,25.3,13210.20,2016,5.38,1
33.8,2.1,2,34.2,27.9,14032.20,2016,5.38,1
26.5,6.2,2.2,35.3,29.9,27586.30,2016,5.38,1
34.2,2.4,2.3,34.2,26.8,15248.00,2016,5.38,1
33.1,1.7,1.9,33.1,30.3,15914.40,2016,5.38,1
30.5,3.4,1.9,39.9,24.2,16501.00,2016,5.38,1
32.6,0.2,1.8,37.7,27.6,20631.90,2016,5.38,1
37.2,4.5,1.7,30.5,26,13588.80,2016,5.38,1
36.6,3,1.5,35.5,23.4,13623.70,2016,5.38,1
36.5,2.5,1.7,28.8,30.4,13993.00,2016,5.38,1
28,2.7,2.2,37.5,29.5,21230.20,2016,5.38,1
34.3,3.2,1.3,38.8,22.3,13674.70,2016,5.38,1
38,2.6,1.5,33.4,24.5,11780.50,2016,5.38,1
29.1,6.2,1.8,31.6,31.3,23327.50,2016,5.38,1
38.4,1.8,1.3,34.8,23.6,11534.50,2016,5.38,1
37.8,1.7,1.4,36,23.1,8526.30,2016,5.38,1
31.7,2.7,1.6,42.1,21.9,14923.00,2016,5.38,1
35.7,3.2,1.8,38.6,20.7,15429.00,2016,5.38,1
31.1,0.8,1.3,43.7,23.1,13372.40,2016,5.38,1
33.3,5.3,2.2,32,27.1,13254.60,2016,5.38,1
48.5,1.9,1.6,32.6,15.4,9345.20,2016,5.38,1
41.4,2,2.1,36.2,18.3,13270.70,2016,5.38,1
58.7,0.1,0.5,28.9,11.8,8459.20,2016,5.38,2
44.7,2.4,0,38.1,14.9,6713.80,2016,5.38,3
39.8,0.9,0.5,36.1,22.8,10259.10,2016,5.38,1
38.5,0.7,0.7,36.2,23.9,10195.00,2016,5.38,1
35.8,1.2,0.5,39.4,23.1,11034.40,2016,5.38,1
40.4,2,0,41.6,16,9887.40,2016,5.38,1
32.7,1.9,1.7,37.6,26.2,11586.70,2016,5.38,1
32.8,3.7,2.2,37.1,24.2,13344.40,2016,5.38,1
30.3,1.5,1.5,46.4,20.3,11403.80,2016,5.38,1
37.8,1.7,1.5,35.3,23.6,9936.90,2016,5.38,1
25.9,5.9,1.9,41.9,24.3,14933.50,2016,5.38,1
29,3.8,2.4,38.7,26.1,12728.70,2016,5.38,1
32.8,2.5,1.7,37.2,25.9,9977.00,2016,5.38,1
31.5,2.9,2,36.1,27.5,13090.20,2016,5.38,1
30.2,6,2.7,36.9,24.2,13272.70,2016,5.38,1
26.9,4,1.7,39.9,27.5,17377.70,2016,5.38,1
31,3.3,1.3,38.9,25.7,12136.90,2016,5.38,1
37.4,1.8,2.5,38.8,19.5,12567.00,2016,5.38,1
33.2,3.3,2,36.5,25,15112.80,2016,5.38,1
39.9,1,1.3,32.8,25,10639.60,2016,5.38,1
37.8,1.8,1.3,32.2,26.9,11998.00,2016,5.38,1
30.4,2.9,1.5,41.8,23.4,11388.90,2016,5.38,1
31.2,4.3,2.2,32.5,29.8,15383.40,2016,5.38,1
28.2,2,1.5,39,29.2,17768.90,2016,5.38,1
24.1,2,1.7,41.9,30.3,21797.90,2016,5.38,1
25.1,2.6,1.9,39.8,30.6,23442.10,2016,5.38,1
29.1,3.7,1.4,37.1,28.6,14517.50,2016,5.38,1
30.6,0.6,0.9,43.9,24,9841.20,2016,5.38,1
43.7,1.9,1.3,32,21.1,10200.80,2016,5.38,1
36.9,1.8,1.2,38.1,22,7858.50,2016,5.38,1
32.2,1.7,1.3,40.1,24.7,11281.60,2016,5.38,1
31.7,1.2,1.6,41.9,23.5,11061.70,2016,5.38,1
36.2,3.6,2.2,33.7,24.4,12368.30,2016,5.38,1
27.4,2,2,39.6,29.1,16952.80,2016,5.38,1
30.6,1.8,1.4,45.5,20.8,13585.20,2016,5.38,1
33.9,1.5,1.7,37.3,25.6,11925.70,2016,5.38,1
32.9,2.5,2.7,38,24,12239.40,2016,5.38,1
35.8,4.8,2,30.3,27.1,12053.50,2016,5.38,1
29.8,2,2.1,42.1,23.9,13616.10,2016,5.38,1
34.9,1.7,1,33.6,28.7,18202.80,2016,5.38,1
34.1,1.1,2,36.9,25.9,26713.80,2016,5.38,1
33.6,6.2,1.8,34,24.3,17268.60,2016,5.38,1
26.2,3.6,2,37.7,30.5,21656.40,2016,5.38,1
30.9,1.4,1.7,35.3,30.8,14744.80,2016,5.38,1
40,2.4,2,29.2,26.4,22445.70,2016,5.38,1
31.4,2.1,1.8,38.6,26.1,20547.10,2016,5.38,1
33.9,1.7,2.2,37.7,24.4,13157.60,2016,5.38,1
38.8,0.4,2.2,26,32.7,23953.00,2016,5.38,4
29.9,3.8,1.3,42,23,18084.00,2017,2.52,1
41.9,1.6,1.3,31.8,23.4,12121.80,2017,2.52,1
35.6,1.8,1.3,35.3,26,14509.00,2017,2.52,1
32.3,0.8,1.3,42.4,23.2,14269.90,2017,2.52,1
29,2.4,2.3,41,25.3,17259.00,2017,2.52,1
34.2,2.2,2.2,40.5,20.9,17248.30,2017,2.52,1
33.1,2.5,2.2,39.3,22.9,15137.80,2017,2.52,1
32.2,2.3,1.8,42.8,20.9,14842.20,2017,2.52,1
35.2,1.7,1.5,36.8,24.8,14833.00,2017,2.52,1
28.1,4.1,1.5,34.3,32,21297.20,2017,2.52,1
32.2,2.1,1.3,42.3,22.1,14201.80,2017,2.52,1
38.8,1.3,0.8,36.5,22.6,12436.00,2017,2.52,1
42.1,0.7,1.3,30.5,25.4,13097.80,2017,2.52,1
30.9,1.1,0.8,42.8,24.4,11429.30,2017,2.52,1
39.4,2.5,2.1,30.7,25.3,14592.10,2017,2.52,1
37.4,1.6,1.8,34,25.2,15226.00,2017,2.52,1
31.3,1.6,1.4,35.9,29.8,14277.10,2017,2.52,1
26,4.3,1.7,38.5,29.5,29549.70,2017,2.52,1
36,1.9,2.2,35.1,24.8,16244.80,2017,2.52,1
33.3,2.2,2.2,32.7,29.6,16313.40,2017,2.52,1
28.7,2.2,1.3,42.4,25.4,18844.10,2017,2.52,1
33.9,0.1,2.7,27.7,35.6,21452.60,2017,2.52,1
34,3.2,2.1,34.5,26.2,15452.40,2017,2.52,1
35.6,3.1,1.5,36.8,23,14061.70,2017,2.52,1
30.9,2.4,1.7,37,28,17538.20,2017,2.52,1
27,2.3,2.3,37.9,30.5,23776.10,2017,2.52,1
32.3,2.9,0.8,36.5,27.5,14533.10,2017,2.52,1
34.6,1.4,1.9,39.2,22.9,12793.70,2017,2.52,1
27.4,5.5,2,36,29.1,25142.20,2017,2.52,1
35.1,2.2,0.8,37.5,24.4,13095.10,2017,2.52,1
34.1,0.8,1,43.7,20.4,10780.60,2017,2.52,1
43.9,2.3,1.4,31.6,20.8,12115.30,2017,2.52,1
33,2.9,1.7,36.3,26.1,16076.20,2017,2.52,1
35.2,2.9,1.9,35.3,24.7,14713.70,2017,2.52,1
34.1,1.5,1.4,37.6,25.4,13874.60,2017,2.52,1
32.7,4.6,2.7,32.5,27.5,15394.80,2017,2.52,1
51.6,1.1,1.9,26.9,18.5,18164.30,2017,2.52,1
58.5,0.2,0.4,27.3,13.6,9581.70,2017,2.52,2
59.7,0.4,0,29.4,10.5,7483.30,2017,2.52,3
40.4,0.6,0.6,39.1,19.3,11443.50,2017,2.52,1
32.7,1.3,0.2,37.8,28,10581.10,2017,2.52,1
39.1,1.1,0.5,37.2,22.1,11403.30,2017,2.52,1
32.8,1.2,0,43.3,22.7,10618.80,2017,2.52,1
31.2,2.6,1.9,34.4,29.9,12608.70,2017,2.52,1
31.5,3,1.5,40.2,23.8,15725.80,2017,2.52,1
34.4,1.7,1.9,35.8,26.2,10330.10,2017,2.52,1
39.6,1.8,1.8,34.9,21.9,11257.40,2017,2.52,1
25.9,3.8,1.7,44.1,24.5,15990.80,2017,2.52,1
26.9,4,1.9,41.8,25.4,16086.60,2017,2.52,1
36.5,2.8,1.5,33.7,25.5,9730.00,2017,2.52,1
28.8,2.6,1.8,40.5,26.3,15775.60,2017,2.52,1
31.7,3.5,2.6,37.5,24.7,14010.60,2017,2.52,1
29.2,3.1,1.2,33.2,33.3,16775.30,2017,2.52,1
29.8,2.4,1.3,44.2,22.3,14369.00,2017,2.52,1
34.9,5.5,1.8,36.5,21.3,13435.80,2017,2.52,1
31.7,2.7,1.8,36,27.8,15056.60,2017,2.52,1
42.3,1.6,1.3,28.9,25.9,11047.70,2017,2.52,1
36.9,2.1,1.1,32.9,27,12050.50,2017,2.52,1
30.2,0.6,1.6,47.4,20.2,12623.10,2017,2.52,1
31,4.3,1.6,33.3,29.8,17630.70,2017,2.52,1
29.4,1.4,1.5,41.4,26.3,19316.50,2017,2.52,1
24.4,1.7,1.5,45.9,26.5,23009.50,2017,2.52,1
31.1,1.1,2.9,30.7,34.2,20416.80,2017,2.52,1
30.4,2.7,1.4,37.1,28.4,14430.80,2017,2.52,1
30.7,1,1,43.8,23.5,10793.40,2017,2.52,1
32.8,2.5,1,39.7,24,11749.60,2017,2.52,1
36.6,2.2,1.2,37.5,22.5,8411.90,2017,2.52,1
31.2,1.4,1.6,42.8,23,13317.50,2017,2.52,1
33.8,1.2,1.8,38.6,24.6,11979.70,2017,2.52,1
33.7,3,2.1,37.2,24,13379.00,2017,2.52,1
28.7,2.2,1.9,37.7,29.5,17765.00,2017,2.52,1
33.3,1.4,1.1,39.7,24.5,13049.70,2017,2.52,1
34.8,1.2,1.8,37,25.2,11866.90,2017,2.52,1
31.9,6.1,2,41,19,13779.20,2017,2.52,1
33.4,2.6,1.7,30.8,31.5,12812.30,2017,2.52,1
28.4,2.5,1.4,41.2,26.5,16538.90,2017,2.52,1
30.6,4.6,1.3,32,31.5,22611.50,2017,2.52,1
27.7,2.2,1.8,40.8,27.5,30416.90,2017,2.52,1
30,3.8,1.7,35.8,28.7,18025.50,2017,2.52,1
27.1,3,2.1,35.3,32.5,20744.30,2017,2.52,1
31,1.4,1.7,35.8,30.1,14534.30,2017,2.52,1
36.3,1.4,1.1,30.2,31,24066.10,2017,2.52,1
30.1,1,1.3,41.5,26.1,25126.50,2017,2.52,1
31.2,1.9,2.7,41.3,22.9,14866.30,2017,2.52,1
39.8,0.2,2.1,28.4,29.5,24621.20,2017,2.52,4
30.6,2.05,1.325,43.425,22.575,16683.68,2018,4.27,1
36.8,1.675,1.55,38.225,21.725,13723.05,2018,4.27,1
36.45,1.3,1.125,33.45,27.675,14603.50,2018,4.27,1
32.45,0.675,1.125,39.6,26.2,15762.58,2018,4.27,1
29.825,1.7,2.375,38.775,27.3,17182.45,2018,4.27,1
30.85,2.225,1.4,43.475,22.05,17920.35,2018,4.27,1
34.775,1.975,2.35,36.825,24.1,14880.78,2018,4.27,1
32.6,1.675,1.725,42.5,21.45,15039.45,2018,4.27,1
33.775,3.025,1.2,36.85,25.125,15194.23,2018,4.27,1
25.35,3.175,1.325,38.325,31.85,23531.58,2018,4.27,1
33.2,1.525,1.2,40.075,24,13598.75,2018,4.27,1
40.725,1.425,1.1,31.025,25.75,10951.93,2018,4.27,1
45.475,0.45,0.95,29.475,23.675,13805.15,2018,4.27,1
29.825,1.4,0.55,41.8,26.425,12428.98,2018,4.27,1
37.65,1.775,1.95,32.475,26.1,14549.35,2018,4.27,1
38.525,1.4,1.8,31.35,26.925,15389.90,2018,4.27,1
31.975,2.9,1.55,33.575,30,15542.18,2018,4.27,1
24.525,5.625,1.875,35.95,32,31277.43,2018,4.27,1
31.525,1.35,1.9,41.4,23.85,17438.63,2018,4.27,1
32.4,1.925,1.675,34.775,29.2,16980.03,2018,4.27,1
29.825,3.175,1.625,38.7,26.7,19030.50,2018,4.27,1
32.525,0,2.325,30.6,34.55,23036.53,2018,4.27,1
34.325,3.375,1.7,35.225,25.375,17024.10,2018,4.27,1
33.55,5.15,1.35,37.25,22.7,14896.15,2018,4.27,1
33.475,2.675,1.575,32.15,30.125,16470.00,2018,4.27,1
25.3,2.55,2.275,38.825,31.05,25573.35,2018,4.27,1
34.175,2.525,1.05,33.925,28.325,13571.75,2018,4.27,1
35.025,1.75,1.95,36.025,25.25,13116.85,2018,4.27,1
27.5,4.85,1.725,32.25,33.675,23922.00,2018,4.27,1
33.35,1.65,0.85,39.1,25.05,14544.45,2018,4.27,1
36.125,1.05,1.125,40.55,21.125,10877.00,2018,4.27,1
42.725,3.475,1.275,31.3,21.225,12613.95,2018,4.27,1
35.575,3.1,1.7,33.4,26.2,15457.58,2018,4.27,1
34.175,2.625,1.85,38.7,22.675,16185.95,2018,4.27,1
33.575,1.5,1.575,38.15,25.2,14393.98,2018,4.27,1
32.225,5.525,2.25,30.05,29.95,16107.53,2018,4.27,1
43.45,0.9,1.775,31.3,22.55,16482.20,2018,4.27,1
53.875,0.325,0.525,31.05,14.175,12649.20,2018,4.27,2
59.275,1.1,0,25.175,14.45,8690.10,2018,4.27,3
43.125,0.575,0.35,36.225,19.725,11728.35,2018,4.27,1
30.775,2.175,0.2,39.45,27.425,11437.43,2018,4.27,1
36.6,1.975,0.55,38.1,22.775,12329.15,2018,4.27,1
33.1,1.275,0,45.075,20.575,10677.75,2018,4.27,1
27.925,3.3,1.375,32.75,34.65,12767.75,2018,4.27,1
31.85,3.075,1.825,36.75,26.525,16336.25,2018,4.27,1
33.5,3.3,1.575,35.375,26.275,10812.20,2018,4.27,1
41.15,1.425,1.45,33.875,22.15,10955.70,2018,4.27,1
22.05,4.15,1.475,47.775,24.55,18998.60,2018,4.27,1
28.3,3.95,2.15,37.9,27.7,15711.23,2018,4.27,1
34.65,2.825,1.65,33.7,27.15,10703.75,2018,4.27,1
28.575,2.875,1.925,38.875,27.725,15525.98,2018,4.27,1
31.3,3.525,2.25,36.525,26.4,14616.68,2018,4.27,1
27.725,3.775,1.225,39.175,28.075,17793.50,2018,4.27,1
32,3.825,1.2,38.1,24.925,13216.70,2018,4.27,1
35.6,3,1.875,33.725,25.825,12181.95,2018,4.27,1
29.525,2.45,1.675,37.75,28.575,16356.85,2018,4.27,1
39,1.775,1.325,31.8,26.1,11866.78,2018,4.27,1
35.75,1.15,1.05,29.6,32.45,12756.25,2018,4.27,1
33.025,1.6,1.675,40.75,22.925,11880.75,2018,4.27,1
29.775,5.3,1.625,34.45,28.875,17253.83,2018,4.27,1
29.9,2.4,1.65,38.825,27.225,19261.33,2018,4.27,1
23.2,3.6,1.575,44,27.625,23565.63,2018,4.27,1
34.725,0.675,3.225,29.45,31.925,21459.55,2018,4.27,1
29.5,3.5,1.85,34.925,30.225,15108.85,2018,4.27,1
29.975,1.075,1.2,42.65,25.125,11396.83,2018,4.27,1
32.925,3.625,1.025,37.9,24.525,12439.33,2018,4.27,1
35.425,1.725,1.375,39.15,22.35,9555.13,2018,4.27,1
31.9,1.6,1.85,40.625,24.05,13830.70,2018,4.27,1
32.5,1.2,1.525,39.925,24.85,12698.75,2018,4.27,1
33.2,1.975,1.675,38.425,24.7,14566.83,2018,4.27,1
29.475,2.6,1.8,37.175,28.975,18228.58,2018,4.27,1
33,1.375,1.25,38.675,25.675,13288.65,2018,4.27,1
32.3,1.225,1.575,40,24.9,13414.18,2018,4.27,1
35.75,2.175,2.775,40.55,18.8,13996.15,2018,4.27,1
30.7,2.5,1.375,36.375,29.05,14365.63,2018,4.27,1
29.85,3.175,1.4,36.675,28.925,15580.88,2018,4.27,1
31.625,3.175,1.25,33.85,30.125,22729.45,2018,4.27,1
27.275,2.2,1.75,38.45,30.325,28382.88,2018,4.27,1
27.55,3.575,1.8,39.95,27.15,21644.33,2018,4.27,1
26.85,3.325,1.65,34.875,33.3,21615.93,2018,4.27,1
27.25,0.95,1.525,41.775,28.55,16137.55,2018,4.27,1
36.5,2.05,0.95,30.125,30.375,25472.03,2018,4.27,1
27.45,0.9,1.475,45.7,24.475,28502.13,2018,4.27,1
29.925,1.5,2.7,43.35,22.525,14882.30,2018,4.27,1
47.45,0.6,2.075,25.8,24.05,23432.88,2018,4.27,4
31.7,2.4,1.6,41.0,23.4,17978.35,2019,3.05,1
38.5,1.7,1.9,33.3,24.6,13772.39,2019,3.05,1
36.0,1.3,1.1,35.3,26.3,15862.78,2019,3.05,1
35.1,0.9,1.3,33.7,29.0,14671.82,2019,3.05,1
34.2,1.7,2.8,35.6,25.7,17221.03,2019,3.05,1
32.7,2.8,1.4,38.1,25.0,18075.90,2019,3.05,1
34.6,2.1,2.4,36.0,25.0,15181.18,2019,3.05,1
34.6,2.0,1.7,39.8,21.9,15472.33,2019,3.05,1
33.5,2.1,1.3,38.3,24.8,16107.59,2019,3.05,1
26.1,2.8,1.2,35.6,34.3,23769.75,2019,3.05,1
33.6,1.3,1.3,38.9,24.8,13692.73,2019,3.05,1
40.8,1.5,1.3,31.1,25.3,11904.68,2019,3.05,1
45.6,0.4,1.1,30.9,22.1,15184.98,2019,3.05,1
33.7,1.4,0.5,37.7,26.8,11778.78,2019,3.05,1
38.1,1.8,1.8,32.0,26.3,14980.84,2019,3.05,1
38.5,1.0,1.7,33.7,25.1,16111.53,2019,3.05,1
30.3,2.7,1.5,37.4,28.1,16467.10,2019,3.05,1
21.0,4.9,1.8,38.7,33.7,41364.83,2019,3.05,1
31.0,2.3,2.7,40.4,23.6,19154.42,2019,3.05,1
31.8,1.3,2.1,34.7,30.1,17655.96,2019,3.05,1
28.1,2.1,1.2,42.1,26.5,21317.63,2019,3.05,1
27.5,0.0,1.6,42.6,28.3,27015.97,2019,3.05,1
35.0,2.7,1.4,33.2,27.7,17323.00,2019,3.05,1
36.3,3.6,2.0,33.5,24.7,14984.01,2019,3.05,1
33.9,3.1,1.8,32.6,28.7,19016.60,2019,3.05,1
25.3,2.4,2.2,37.7,32.5,26052.11,2019,3.05,1
33.7,2.3,0.8,32.9,30.2,15243.53,2019,3.05,1
34.8,1.6,1.8,36.1,25.7,13474.42,2019,3.05,1
27.1,4.5,1.6,32.9,33.9,27013.31,2019,3.05,1
35.1,2.0,0.8,35.4,26.7,15458.72,2019,3.05,1
36.2,1.0,1.0,39.4,22.3,11608.21,2019,3.05,1
41.7,2.4,0.9,33.7,21.3,13386.14,2019,3.05,1
35.9,4.0,1.6,33.1,25.4,17466.50,2019,3.05,1
34.9,2.2,1.7,37.6,23.6,17110.00,2019,3.05,1
37.4,1.4,1.3,34.8,25.1,15176.03,2019,3.05,1
31.7,4.9,2.2,30.3,30.9,16519.81,2019,3.05,1
47.0,1.8,1.2,24.1,25.9,14232.83,2019,3.05,1
49.3,0.7,0.6,36.9,12.5,14294.32,2019,3.05,2
59.8,4.7,0.1,20.9,14.4,9958.08,2019,3.05,3
42.1,1.0,0.6,36.2,20.1,11459.36,2019,3.05,1
29.1,1.6,0.2,41.0,28.2,12340.41,2019,3.05,1
39.3,1.4,0.6,35.4,23.3,12723.29,2019,3.05,1
32.6,1.6,0.0,44.4,21.4,11061.22,2019,3.05,1
29.2,2.5,1.6,33.9,32.7,13514.83,2019,3.05,1
28.4,2.4,1.5,40.8,26.8,17745.80,2019,3.05,1
32.3,2.5,1.7,36.3,27.3,11625.01,2019,3.05,1
41.5,2.1,1.4,32.1,22.9,11956.44,2019,3.05,1
24.5,5.3,1.7,41.6,26.8,17823.36,2019,3.05,1
28.2,3.8,2.1,39.3,26.6,16276.60,2019,3.05,1
35.6,3.2,1.6,29.7,30.0,10540.63,2019,3.05,1
26.9,3.0,1.8,42.1,26.2,18600.05,2019,3.05,1
30.4,3.7,1.9,38.6,25.5,16494.47,2019,3.05,1
30.9,4.5,1.4,35.1,28.2,16373.02,2019,3.05,1
32.5,1.9,1.2,38.8,25.6,14104.94,2019,3.05,1
33.9,1.6,1.9,35.5,27.1,13757.25,2019,3.05,1
29.5,2.7,2.1,40.1,25.7,18136.55,2019,3.05,1
40.7,3.2,1.7,28.5,25.9,13500.73,2019,3.05,1
37.0,0.7,1.0,31.6,29.6,13156.21,2019,3.05,1
31.4,1.9,1.7,43.8,21.1,13751.28,2019,3.05,1
30.2,4.7,1.7,32.6,30.8,17812.20,2019,3.05,1
28.2,1.6,1.5,40.6,28.1,20707.78,2019,3.05,1
24.3,1.2,1.6,42.2,30.7,23298.50,2019,3.05,1
25.0,1.7,2.2,43.6,27.5,29639.17,2019,3.05,1
29.9,3.2,2.0,34.7,30.2,15595.49,2019,3.05,1
29.7,1.7,1.4,42.4,24.7,11899.58,2019,3.05,1
30.8,2.5,1.0,41.8,23.9,10510.58,2019,3.05,1
31.6,2.1,1.8,41.8,22.7,14757.65,2019,3.05,1
34.0,2.1,1.6,37.9,24.4,13203.15,2019,3.05,1
27.4,2.6,1.8,39.2,29.1,19869.81,2019,3.05,1
29.6,1.5,1.2,43.7,24.0,16587.24,2019,3.05,1
31.8,1.2,1.4,39.7,25.9,14205.94,2019,3.05,1
38.3,3.3,3.3,35.5,19.6,14393.65,2019,3.05,1
32.9,2.1,1.7,36.4,26.9,15120.01,2019,3.05,1
29.1,3.6,1.7,36.4,29.1,17333.79,2019,3.05,1
28.9,2.4,0.8,42.3,25.5,12439.86,2019,3.05,1
29.2,2.9,1.3,37.4,29.2,24253.49,2019,3.05,1
34.3,2.0,2.1,37.9,23.7,14859.94,2019,3.05,1
24.7,0.9,1.8,43.2,29.4,30733.90,2019,3.05,1
30.8,4.4,1.8,36.7,26.4,21187.88,2019,3.05,1
25.8,2.7,1.7,39.3,30.5,23193.61,2019,3.05,1
27.8,0.9,1.5,39.8,30.0,16286.39,2019,3.05,1
29.4,3.1,1.0,31.5,34.9,30907.18,2019,3.05,1
31.8,1.6,1.5,38.7,26.4,24675.18,2019,3.05,1
29.3,1.3,2.4,43.2,23.8,16118.70,2019,3.05,1
41.2,0.1,2.5,28.0,28.2,21392.16,2019,3.05,4
33.7,1.5,1.4,43.0,20.4,18425.70,2020,4.91,1
38.5,2.1,1.5,38.3,19.7,14284.17,2020,4.91,1
40.1,0.9,1.2,33.5,24.3,14812.64,2020,4.91,1
37.7,0.5,1.1,35.0,25.6,14323.19,2020,4.91,1
33.4,1.3,2.9,39.7,22.7,17679.64,2020,4.91,1
35.0,1.2,1.7,39.8,22.4,18031.17,2020,4.91,1
35.6,1.4,1.8,40.4,20.8,16342.54,2020,4.91,1
35.9,1.3,1.4,41.2,20.3,15463.43,2020,4.91,1
36.4,1.1,1.4,37.9,23.2,15732.06,2020,4.91,1
28.7,1.9,1.5,41.6,26.3,23852.33,2020,4.91,1
30.8,1.2,0.9,47.1,20.0,15603.58,2020,4.91,1
38.3,0.9,1.0,40.4,19.5,14319.11,2020,4.91,1
49.0,0.2,0.5,28.6,21.6,14561.20,2020,4.91,1
33.7,1.9,0.5,41.0,22.9,13111.76,2020,4.91,1
40.4,0.6,1.8,33.9,23.3,15348.37,2020,4.91,1
38.2,0.3,1.4,36.7,23.3,17223.52,2020,4.91,1
35.0,2.1,1.5,30.7,30.7,15067.07,2020,4.91,1
31.2,3.1,2.8,28.8,34.1,32020.25,2020,4.91,1
32.0,0.6,2.4,44.5,20.6,19914.27,2020,4.91,1
32.8,1.4,2.0,36.7,27.1,18398.28,2020,4.91,1
27.5,1.2,1.3,48.4,21.6,22629.71,2020,4.91,1
31.5,0.0,1.7,38.6,28.1,23806.46,2020,4.91,1
35.5,1.7,1.8,38.9,22.1,19010.39,2020,4.91,1
38.5,1.9,1.8,38.4,19.3,16207.58,2020,4.91,1
35.3,2.5,1.8,37.2,23.2,20260.12,2020,4.91,1
26.0,2.0,2.3,41.0,28.7,28103.84,2020,4.91,1
32.2,1.1,1.1,39.2,26.2,16373.69,2020,4.91,1
37.0,0.9,2.0,37.2,23.0,13853.80,2020,4.91,1
29.8,4.3,2.0,36.1,27.8,27061.74,2020,4.91,1
36.4,1.4,0.9,39.4,21.9,16073.16,2020,4.91,1
37.6,0.5,0.9,43.2,17.7,13475.30,2020,4.91,1
45.9,1.3,0.9,30.2,21.7,12431.12,2020,4.91,1
36.6,2.6,1.7,35.3,23.9,16941.54,2020,4.91,1
37.0,1.5,1.7,37.0,22.8,17478.40,2020,4.91,1
36.8,0.8,1.2,39.0,22.2,15887.71,2020,4.91,1
32.6,4.8,2.3,32.4,28.0,16653.86,2020,4.91,1
44.9,1.0,2.4,32.4,19.3,20115.43,2020,4.91,1
55.0,0.1,0.6,30.8,13.5,12801.72,2020,4.91,2
53.5,4.3,0.2,30.4,11.5,12269.02,2020,4.91,3
45.0,0.6,0.4,34.0,19.9,10157.54,2020,4.91,1
30.0,1.0,0.3,43.9,24.8,12938.25,2020,4.91,1
42.0,1.2,0.6,35.7,20.4,12540.11,2020,4.91,1
40.0,0.8,0.0,42.5,16.7,10506.49,2020,4.91,1
31.0,1.5,1.4,39.6,26.5,14612.87,2020,4.91,1
32.6,1.9,1.7,39.8,24.0,17023.97,2020,4.91,1
37.4,1.3,1.6,35.0,24.7,10962.66,2020,4.91,1
41.7,1.0,1.6,34.5,21.2,12675.77,2020,4.91,1
25.0,3.2,1.6,46.5,23.7,17497.81,2020,4.91,1
30.0,2.7,2.1,40.1,25.0,15603.88,2020,4.91,1
35.5,2.4,1.2,35.7,25.2,11085.04,2020,4.91,1
31.9,2.5,2.2,38.2,25.2,16466.68,2020,4.91,1
33.5,1.7,1.8,40.1,22.8,15890.97,2020,4.91,1
36.5,2.9,1.6,31.5,27.5,16283.22,2020,4.91,1
35.1,1.6,1.3,39.9,22.1,14721.90,2020,4.91,1
35.0,0.7,1.7,37.4,25.2,13922.42,2020,4.91,1
33.4,2.3,2.1,38.9,23.2,17439.78,2020,4.91,1
40.7,1.4,1.4,32.8,23.8,13393.26,2020,4.91,1
36.5,0.5,1.0,36.3,25.7,14034.22,2020,4.91,1
37.7,1.2,1.8,40.3,19.1,14075.21,2020,4.91,1
31.5,2.2,1.5,36.6,28.1,18416.36,2020,4.91,1
28.1,0.7,1.3,44.8,25.0,22372.55,2020,4.91,1
22.3,0.3,1.2,50.4,25.7,26034.55,2020,4.91,1
29.2,0.7,3.0,39.0,28.1,27662.41,2020,4.91,1
32.8,1.8,2.1,37.9,25.4,15892.81,2020,4.91,1
29.4,0.9,1.3,45.8,22.5,12306.39,2020,4.91,1
30.1,1.1,0.6,45.9,22.3,11461.65,2020,4.91,1
31.7,0.9,1.7,46.0,19.8,17180.09,2020,4.91,1
34.4,1.1,1.7,40.0,22.8,12892.87,2020,4.91,1
30.2,2.4,1.7,37.9,27.7,19331.48,2020,4.91,1
34.5,0.8,1.4,41.9,21.4,16671.23,2020,4.91,1
31.1,0.7,1.4,43.0,23.9,15512.11,2020,4.91,1
33.1,1.0,2.8,44.4,18.7,15357.68,2020,4.91,1
37.7,2.2,1.3,34.6,24.2,15067.18,2020,4.91,1
28.4,1.8,1.9,43.8,24.2,18114.70,2020,4.91,1
36.5,1.0,1.4,40.5,20.6,13833.59,2020,4.91,1
32.7,2.2,1.3,38.5,25.4,22988.66,2020,4.91,1
36.6,2.7,2.0,36.9,21.8,16073.10,2020,4.91,1
29.4,0.6,1.8,43.4,24.8,30573.97,2020,4.91,1
30.8,3.3,2.0,36.0,27.9,21496.46,2020,4.91,1
28.8,2.0,2.1,39.6,27.6,23196.35,2020,4.91,1
27.9,0.2,1.3,44.0,26.7,17631.29,2020,4.91,1
33.3,2.1,1.4,32.7,30.6,29810.85,2020,4.91,1
34.4,0.5,1.2,42.1,21.8,27382.62,2020,4.91,1
29.4,1.0,2.7,45.1,21.8,18072.52,2020,4.91,1
41.2,0.0,2.7,29.2,26.8,22417.51,2020,4.91,4
31.9,2.0,1.3,43.4,21.5,20285.88,2021,8.39,1
39.6,1.1,1.5,34.8,23.0,15228.14,2021,8.39,1
35.9,1.9,1.3,36.0,24.9,17783.49,2021,8.39,1
36.7,0.9,1.1,34.6,26.8,15311.51,2021,8.39,1
32.9,1.1,2.2,39.7,24.1,19094.64,2021,8.39,1
30.8,0.9,2.4,44.4,21.6,22705.44,2021,8.39,1
33.0,1.3,1.6,42.4,21.6,19254.14,2021,8.39,1
33.6,2.7,1.4,42.6,19.7,19097.50,2021,8.39,1
35.8,1.8,1.4,37.1,23.8,17820.60,2021,8.39,1
29.9,4.2,1.3,31.3,33.4,23035.49,2021,8.39,1
30.6,1.8,1.2,41.5,24.9,16739.61,2021,8.39,1
40.7,1.0,1.0,30.5,26.8,14027.64,2021,8.39,1
44.2,0.3,0.7,29.7,25.1,15498.03,2021,8.39,1
32.5,1.4,0.6,37.2,28.3,14517.61,2021,8.39,1
38.9,1.3,1.8,35.7,22.3,17567.60,2021,8.39,1
39.2,0.5,1.3,32.0,26.9,17138.81,2021,8.39,1
32.7,3.2,1.7,32.3,30.2,17503.73,2021,8.39,1
28.3,2.9,1.7,30.8,36.3,37054.09,2021,8.39,1
34.4,1.9,2.7,32.4,28.6,18448.52,2021,8.39,1
31.4,1.0,1.8,39.0,26.7,21492.03,2021,8.39,1
30.7,1.7,1.5,37.0,29.1,22207.94,2021,8.39,1
26.5,0.0,1.3,44.2,28.0,27255.98,2021,8.39,1
36.3,2.5,1.4,34.0,25.8,19483.03,2021,8.39,1
37.5,2.6,1.9,36.6,21.4,18041.29,2021,8.39,1
36.1,4.1,1.8,33.0,25.0,21257.24,2021,8.39,1
24.6,2.2,2.1,43.2,28.0,31624.31,2021,8.39,1
32.4,2.7,1.3,38.4,25.2,17556.94,2021,8.39,1
39.5,1.3,2.3,32.3,24.5,14403.95,2021,8.39,1
29.3,4.1,1.5,35.6,29.5,29291.70,2021,8.39,1
35.3,1.3,0.6,39.3,23.4,18323.19,2021,8.39,1
40.5,0.5,0.8,35.0,23.2,13060.90,2021,8.39,1
44.8,2.2,0.9,29.7,22.3,14493.65,2021,8.39,1
34.8,2.6,1.8,36.8,23.9,18514.20,2021,8.39,1
38.2,2.2,1.7,35.0,22.9,18871.45,2021,8.39,1
36.4,1.5,1.2,36.3,24.6,17101.17,2021,8.39,1
31.6,4.0,1.8,32.3,30.3,17956.27,2021,8.39,1
47.1,1.7,1.9,30.2,19.1,21047.22,2021,8.39,1
54.8,2.4,0.5,29.1,13.2,15000.22,2021,8.39,2
46.8,4.3,0.1,35.8,12.9,12486.46,2021,8.39,3
44.0,0.3,0.4,33.9,21.5,10656.69,2021,8.39,1
29.7,5.5,0.2,39.8,24.8,14670.01,2021,8.39,1
41.3,0.5,0.5,36.4,21.3,13667.10,2021,8.39,1
39.2,3.8,0.0,38.6,18.4,12316.18,2021,8.39,1
33.0,1.2,1.6,35.5,28.6,15947.84,2021,8.39,1
30.0,3.0,1.5,41.0,24.5,19884.36,2021,8.39,1
35.6,1.2,1.2,36.5,25.5,13327.03,2021,8.39,1
41.4,1.1,1.6,32.7,23.1,14087.31,2021,8.39,1
27.1,3.3,1.6,40.5,27.4,17922.67,2021,8.39,1
29.4,2.4,1.8,41.7,24.7,18662.53,2021,8.39,1
38.1,2.6,1.7,31.0,26.7,11459.26,2021,8.39,1
30.7,2.4,1.9,38.6,26.4,18665.08,2021,8.39,1
31.7,2.1,1.8,39.8,24.7,17900.20,2021,8.39,1
29.6,2.3,1.4,42.6,24.2,21834.23,2021,8.39,1
34.6,1.7,1.2,39.6,23.0,15715.19,2021,8.39,1
33.8,2.2,1.8,34.4,27.8,14898.84,2021,8.39,1
30.4,2.6,1.7,40.0,25.3,19557.75,2021,8.39,1
38.1,2.2,1.0,35.1,23.6,15638.88,2021,8.39,1
38.3,1.0,1.1,30.5,29.1,15030.25,2021,8.39,1
36.4,1.1,1.7,41.7,19.1,15827.82,2021,8.39,1
31.1,2.3,1.5,37.1,28.0,20085.16,2021,8.39,1
29.7,1.1,1.5,42.1,25.6,25165.16,2021,8.39,1
24.9,1.1,1.7,43.6,28.7,26441.04,2021,8.39,1
27.1,1.0,1.6,43.6,26.6,38503.06,2021,8.39,1
29.3,2.3,1.8,39.2,27.4,18680.72,2021,8.39,1
30.8,0.8,1.2,45.3,21.9,13455.87,2021,8.39,1
24.4,1.9,0.6,51.3,21.8,14448.40,2021,8.39,1
32.5,1.0,1.5,42.7,22.3,17657.13,2021,8.39,1
32.9,0.7,1.2,43.4,21.9,14472.93,2021,8.39,1
27.2,2.8,1.7,39.8,28.5,23264.01,2021,8.39,1
33.9,0.8,1.3,40.2,23.8,18594.55,2021,8.39,1
32.1,0.7,1.4,38.2,27.6,15688.76,2021,8.39,1
34.6,1.6,2.5,40.2,21.2,16307.79,2021,8.39,1
35.6,2.5,1.8,31.8,28.3,15547.78,2021,8.39,1
30.3,2.6,1.5,35.6,30.0,17399.87,2021,8.39,1
33.9,1.6,0.7,40.6,23.1,14098.87,2021,8.39,1
32.3,2.6,1.0,36.3,27.8,23809.99,2021,8.39,1
35.6,1.4,1.6,36.5,24.9,18285.04,2021,8.39,1
30.1,2.4,1.8,36.4,29.3,30395.77,2021,8.39,1
28.5,3.3,1.4,37.0,29.9,24628.80,2021,8.39,1
27.8,1.4,1.5,38.3,31.0,24754.03,2021,8.39,1
27.6,0.3,1.4,43.3,27.4,18979.81,2021,8.39,1
28.2,1.9,1.0,34.4,34.5,34695.75,2021,8.39,1
33.2,0.6,1.2,38.8,26.2,26732.61,2021,8.39,1
30.8,1.3,2.7,41.6,23.6,19175.15,2021,8.39,1
38.6,0.1,4.2,29.7,27.4,26277.37,2021,8.39,4
36.1,2.2,1.4,35.3,25.0,19334.73,2022,10.39,1
38.7,1.6,1.1,36.8,21.8,15463.53,2022,10.39,1
34.6,1.2,1.6,35.0,27.7,17915.47,2022,10.39,1
37.8,0.2,1.0,35.5,25.4,15522.29,2022,10.39,1
31.0,1.4,2.1,44.2,21.3,21243.63,2022,10.39,1
32.6,0.5,1.7,40.1,25.1,20525.93,2022,10.39,1
37.2,2.1,2.0,35.8,23.0,18465.02,2022,10.39,1
31.8,1.2,1.1,48.1,17.8,20875.09,2022,10.39,1
37.3,1.2,1.1,32.5,27.9,18064.74,2022,10.39,1
30.4,4.5,1.0,29.9,34.2,23978.98,2022,10.39,1
33.4,1.1,1.0,37.8,26.6,16393.14,2022,10.39,1
43.5,0.9,1.5,27.8,26.3,14139.65,2022,10.39,1
46.8,0.3,0.8,25.7,26.4,15408.85,2022,10.39,1
35.7,0.6,0.7,34.0,29.0,14121.22,2022,10.39,1
39.7,1.9,2.2,32.8,23.5,17434.93,2022,10.39,1
38.6,0.6,1.2,33.7,25.9,17691.55,2022,10.39,1
34.7,2.1,1.8,31.4,30.1,17300.94,2022,10.39,1
18.1,3.3,1.4,52.2,25.1,55284.03,2022,10.39,1
38.2,1.4,2.1,31.5,26.8,18224.95,2022,10.39,1
34.3,1.2,1.8,32.9,29.8,19813.73,2022,10.39,1
27.0,1.6,1.2,38.7,31.5,27654.26,2022,10.39,1
32.4,0.0,3.8,31.3,32.5,19295.65,2022,10.39,1
35.9,1.8,1.4,32.9,28.0,20894.18,2022,10.39,1
38.7,0.5,1.5,37.2,22.1,18129.82,2022,10.39,1
37.7,3.0,1.7,32.9,24.7,20765.67,2022,10.39,1
29.3,3.1,2.0,34.7,30.8,30722.11,2022,10.39,1
35.1,1.5,1.2,36.6,25.6,17791.53,2022,10.39,1
37.5,0.3,1.6,37.6,22.9,16645.62,2022,10.39,1
30.8,3.4,1.6,35.1,29.1,29749.22,2022,10.39,1
41.7,0.7,0.6,31.6,25.4,16444.44,2022,10.39,1
43.9,0.2,0.6,29.8,25.5,12939.74,2022,10.39,1
45.2,2.4,1.3,28.7,22.4,14541.54,2022,10.39,1
34.6,2.5,1.3,31.5,30.1,18714.12,2022,10.39,1
39.1,1.5,1.5,33.0,24.9,18713.53,2022,10.39,1
37.7,1.5,1.2,34.6,25.0,17247.23,2022,10.39,1
32.1,3.4,1.4,33.5,29.6,17922.76,2022,10.39,1
47.6,1.8,2.4,28.9,19.2,21333.40,2022,10.39,1
63.3,0.2,0.3,18.1,18.0,13883.87,2022,10.39,2
46.5,4.8,0.0,34.2,14.5,10924.79,2022,10.39,3
41.4,0.5,0.3,33.5,24.3,11263.03,2022,10.39,1
32.0,0.6,0.2,39.3,27.9,13519.00,2022,10.39,1
35.0,0.8,0.4,42.9,20.9,15488.50,2022,10.39,1
40.4,0.5,0.0,38.5,20.6,13250.02,2022,10.39,1
36.7,0.5,1.6,31.7,29.5,15662.09,2022,10.39,1
29.7,3.5,1.2,40.7,25.0,20623.85,2022,10.39,1
35.4,1.4,1.0,34.5,27.7,14149.86,2022,10.39,1
43.1,1.2,1.4,31.7,22.5,14421.82,2022,10.39,1
28.6,4.1,1.6,41.6,24.0,19976.80,2022,10.39,1
31.8,3.3,2.0,37.8,25.1,17605.28,2022,10.39,1
39.7,2.4,1.6,29.9,26.5,12747.06,2022,10.39,1
29.4,1.7,1.6,42.3,25.0,20335.91,2022,10.39,1
32.3,3.9,1.7,35.3,26.8,18057.08,2022,10.39,1
33.3,5.4,1.3,36.5,23.5,20933.04,2022,10.39,1
35.5,2.0,1.1,33.1,28.5,15244.95,2022,10.39,1
36.6,0.3,1.8,34.7,26.6,15452.28,2022,10.39,1
33.2,2.4,1.8,36.2,26.4,18793.72,2022,10.39,1
42.2,1.6,1.0,26.4,28.9,14357.45,2022,10.39,1
38.3,0.6,1.3,28.4,31.4,15488.21,2022,10.39,1
40.3,0.6,1.6,37.2,20.3,15602.18,2022,10.39,1
34.0,4.5,1.9,35.7,23.9,20742.74,2022,10.39,1
31.9,1.2,1.7,39.7,25.5,26077.62,2022,10.39,1
27.6,1.5,1.9,40.1,28.9,28794.38,2022,10.39,1
32.5,0.8,1.8,39.0,25.9,33912.11,2022,10.39,1
32.4,2.7,2.3,33.2,29.4,18195.42,2022,10.39,1
28.8,0.7,1.2,47.7,21.6,14008.17,2022,10.39,1
32.8,2.2,1.0,38.7,25.4,11892.18,2022,10.39,1
34.3,1.8,1.5,36.2,26.2,16596.36,2022,10.39,1
38.8,0.9,1.2,34.2,24.9,13466.64,2022,10.39,1
31.7,2.5,2.1,33.5,30.2,21680.17,2022,10.39,1
34.5,0.9,1.5,37.5,25.7,18769.64,2022,10.39,1
34.4,0.6,1.5,34.5,28.9,15698.18,2022,10.39,1
37.8,0.9,2.1,37.4,21.8,15408.75,2022,10.39,1
39.5,2.4,1.6,30.8,25.7,15734.95,2022,10.39,1
31.3,2.3,1.6,37.2,27.5,18554.46,2022,10.39,1
38.1,1.3,0.9,33.5,26.2,13165.56,2022,10.39,1
34.0,2.2,1.0,33.9,28.9,23351.14,2022,10.39,1
39.0,1.2,1.8,33.8,24.2,17937.33,2022,10.39,1
32.5,2.2,2.2,32.7,30.4,29300.72,2022,10.39,1
26.3,3.2,1.2,44.5,24.8,28546.04,2022,10.39,1
28.0,1.5,1.6,38.6,30.2,24233.04,2022,10.39,1
24.8,1.0,1.1,47.1,26.0,20439.41,2022,10.39,1
32.9,2.4,1.2,30.6,32.9,32713.00,2022,10.39,1
34.3,2.3,1.4,33.5,28.5,24983.83,2022,10.39,1
30.2,1.0,2.7,38.6,27.5,20184.95,2022,10.39,1
41.0,0.5,3.0,29.1,26.4,25545.78,2022,10.39,4
