subyekt;nomer regiona;y1;y2;y3;y4;y5;y;god;x1
Belgorodskaya oblast ;1;33;44987;45047;39.5;45130;13866.3;2016;14001
Bryanskaya oblast ;2;41.5;45018;45047;45107;24;10800.1;2016;14001
Bladimirskaya oblast ;3;36.3;45139;44958;32.1;45074;12420.2;2016;14001
Boronezhskaya oblast ;4;37.8;0.6;44928;36.3;44980;12211.4;2016;14001
Ivanovskaya oblast ;5;35.4;45109;45018;36.1;45039;14918.5;2016;14001
Kaluzhskaya oblast ;6;34.4;45110;45170;35.5;45070;15170.1;2016;14001
Kostromskaya oblast ;7;33.9;45020;44987;37.2;44979;12499.1;2016;14001
Kurskaya oblast ;8;44957;44987;44986;44.2;44947;12657.1;2016;14001
Lipetskaya oblast ;9;34.2;45017;45078;38;45162;12340.5;2016;14001
Moskovskaya oblast ;10;45194;3;44986;33.4;36.2;18887.9;2016;14001
Orlovskaya oblast ;11;31.6;44958;44986;42.8;44949;12193.5;2016;14001
Pyazanskaya oblast ;12;40.5;0.6;45108;30;44953;10654.9;2016;14001
Cmolenskaya oblast ;13;43.3;44986;44986;45166;44982;10109.1;2016;14001
Tambovskaya oblast ;14;45076;0.6;45078;41.1;44983;9468.4;2016;14001
Tverskaya oblast ;15;38.8;45048;44928;32.9;45130;14427.8;2016;14001
Tulskaya oblast ;16;37.3;45047;45078;34.2;45010;13210.2;2016;14001
Yaroslavskaya oblast ;17;33.8;44928;2;34.2;45196;14032.2;2016;14001
g.Moskva ;18;45072;44963;44959;35.3;45198;27586.3;2016;14001
Respublika Kareliya ;19;34.2;45018;44987;34.2;45164;15248;2016;14001
Respublika Komi ;20;33.1;45108;45170;33.1;45015;15914.4;2016;14001
Arkhangelskaya oblast ;21;45076;45019;45170;39.9;44981;16501;2016;14001
Nenetskiy avt. okrug ;22;32.6;0.2;45139;37.7;45104;20631.9;2016;14001
Bologodskaya oblast ;23;37.2;45050;45108;45076;26;13588.8;2016;14001
Kaliningradskaya oblast ;24;36.6;3;45047;35.5;45039;13623.7;2016;14001
Leningradskaya oblast ;25;36.5;45048;45108;45166;45046;13993;2016;14001
Murmanskaya oblast ;26;28;45109;44959;37.5;45075;21230.2;2016;14001
Hovgorodskaya oblast ;27;34.3;44960;44986;38.8;45007;13674.7;2016;14001
Pskovskaya oblast ;28;38;45079;45047;33.4;45070;11780.5;2016;14001
g. Sankt-Peterburg ;29;44955;44963;45139;31.6;45016;23327.5;2016;14001
Respublika Adygeya ;30;38.4;45139;44986;34.8;45100;11534.5;2016;14001
Respublika Kalmykiya ;31;37.8;45108;45017;36;44949;8526.3;2016;14001
Krasnodarskiy kray ;32;45138;45109;45078;42.1;45190;14923;2016;14001
Astrakhanskaya oblast ;33;35.7;44960;45139;38.6;45127;15429;2016;14001
Bolgogradskaya oblast ;34;44957;0.8;44986;43.7;44949;13372.4;2016;14001
Postovskaya oblast ;35;33.3;44990;44959;32;44953;13254.6;2016;14001
Respublika Krym ;36;48.5;45170;45078;32.6;45031;9345.2;2016;14001
g. Sevastopol ;37;41.4;2;44928;36.2;45003;13270.7;2016;14001
Respublika Dagestan ;38;58.7;0.1;0.5;45197;45149;8459.2;2016;14001
Respublika Ingushetiya ;39;44.7;45018;0;38.1;45183;6713.8;2016;14001
Kabardino-Balkarskaya Respublika ;40;39.8;0.9;0.5;36.1;45160;10259.1;2016;14001
Karachaevo-Cherkesskaya Respublika ;41;38.5;0.7;0.7;36.2;45192;10195;2016;14001
Respublika Severnaya Osetiya-;42;35.8;44958;0.5;39.4;44949;11034.4;2016;14001
Chechenskaya Respublika ;43;40.4;2;0;41.6;16;9887.4;2016;14001
Ctavropolskiy kray ;44;32.7;45170;45108;37.6;44983;11586.7;2016;14001
Respublika Bashkortostan ;45;32.8;45110;44959;37.1;44981;13344.4;2016;14001
Respublika Mariy El ;46;45015;45047;45047;46.4;45005;11403.8;2016;14001
Respublika Mordoviya ;47;37.8;45108;45047;35.3;45100;9936.9;2016;14001
Respublika Tatarstan ;48;45194;45174;45170;41.9;45009;14933.5;2016;14001
Udmurtskaya Respublika ;49;29;45141;45018;38.7;44952;12728.7;2016;14001
Chuvashskaya Respublika ;50;32.8;45048;45108;37.2;45194;9977;2016;14001
Permskiy kray ;51;45077;45171;2;36.1;45073;13090.2;2016;14001
Kirovskaya oblast ;52;30.2;6;45109;36.9;44981;13272.7;2016;14001
Hizhegorodskaya oblast ;53;45195;4;45108;39.9;45073;17377.7;2016;14001
Orenburgskaya oblast ;54;31;44988;44986;38.9;45132;12136.9;2016;14001
Penzenskaya oblast ;55;37.4;45139;45048;38.8;45065;12567;2016;14001
Camarskaya oblast ;56;33.2;44988;2;36.5;25;15112.8;2016;14001
Caratovskaya oblast ;57;39.9;1;44986;32.8;25;10639.6;2016;14001
Ulyanovskaya oblast ;58;37.8;45139;44986;32.2;45195;11998;2016;14001
Kurganskaya oblast ;59;45046;45171;45047;41.8;45039;11388.9;2016;14001
Cverdlovskaya oblast ;60;31.2;44989;44959;32.5;45167;15383.4;2016;14001
Tyumenskaya oblast ;61;44985;2;45047;39;29.2;17768.9;2016;14001
  Khanty-Mansiyskiy avt.okrug ;62;44950;2;45108;41.9;45015;21797.9;2016;14001
  Yamalo-Nenetskiy avt. okrug ;63;44951;45079;45170;39.8;45107;23442.1;2016;14001
Chelyabinskaya oblast ;64;44955;45110;45017;37.1;45105;14517.5;2016;14001
Respublika Altay ;65;45107;0.6;0.9;43.9;24;9841.2;2016;14001
Respublika Buryatiya ;66;43.7;45170;44986;32;44947;10200.8;2016;14001
Respublika Tyva ;67;36.9;45139;44958;38.1;22;7858.5;2016;14001
Respublika Khakasiya ;68;32.2;45108;44986;40.1;45131;11281.6;2016;14001
Altayskiy kray ;69;45138;44958;45078;41.9;45069;11061.7;2016;14001
Zabaykalskiy kray ;70;36.2;45080;44959;33.7;45040;12368.3;2016;14001
Krasnoyarskiy kray ;71;45043;2;2;39.6;44955;16952.8;2016;14001
Irkutskaya oblast ;72;45107;45139;45017;45.5;45158;13585.2;2016;14001
Kemerovskaya oblast ;73;33.9;45047;45108;37.3;45102;11925.7;2016;14001
Hovosibirskaya oblast ;74;32.9;45048;45109;38;24;12239.4;2016;14001
Omskaya oblast ;75;35.8;45142;2;45015;44953;12053.5;2016;14001
Tomskaya oblast ;76;45167;2;44928;42.1;45192;13616.1;2016;14001
Respublika Sakha(Yakutiya) ;77;34.9;45108;1;33.6;45135;18202.8;2016;14001
Kamchatskiy kray ;78;34.1;44927;2;36.9;45194;26713.8;2016;14001
Primorskiy kray ;79;33.6;44963;45139;34;45009;17268.6;2016;14001
Xabarovskiy kray ;80;44983;45080;2;37.7;45076;21656.4;2016;14001
Amurskaya oblast ;81;45199;45017;45108;35.3;45168;14744.8;2016;14001
Magadanskaya oblast ;82;40;45018;2;29.2;45042;22445.7;2016;14001
Cakhalinskaya oblast ;83;31.4;44928;45139;38.6;44952;20547.1;2016;14001
Evreyskaya avt. oblast ;84;33.9;45108;44959;37.7;45040;13157.6;2016;14001
Chukotskiy avt. okrug ;85;38.8;0.4;44959;26;32.7;23953;2016;14001
Belgorodskaya oblast ;1;45198;45141;44986;42;23;18084;2017;19025
Bryanskaya oblast ;2;41.9;45078;44986;45169;45039;12121.8;2017;19025
Bladimirskaya oblast ;3;35.6;45139;44986;35.3;26;14509;2017;19025
Boronezhskaya oblast ;4;32.3;0.8;44986;42.4;44980;14269.9;2017;19025
Ivanovskaya oblast ;5;29;45018;44987;41;45010;17259;2017;19025
Kaluzhskaya oblast ;6;34.2;44959;44959;40.5;45189;17248.3;2017;19025
Kostromskaya oblast ;7;33.1;45048;44959;39.3;45191;15137.8;2017;19025
Kurskaya oblast ;8;32.2;44987;45139;42.8;45189;14842.2;2017;19025
Lipetskaya oblast ;9;35.2;45108;45047;36.8;45162;14833;2017;19025
Moskovskaya oblast ;10;44954;44930;45047;34.3;32;21297.2;2017;19025
Orlovskaya oblast ;11;32.2;44928;44986;42.3;44948;14201.8;2017;19025
Pyazanskaya oblast ;12;38.8;44986;0.8;36.5;45099;12436;2017;19025
Cmolenskaya oblast ;13;42.1;0.7;44986;45076;45041;13097.8;2017;19025
Tambovskaya oblast ;14;45199;44927;0.8;42.8;45040;11429.3;2017;19025
Tverskaya oblast ;15;39.4;45048;44928;45137;45010;14592.1;2017;19025
Tulskaya oblast ;16;37.4;45078;45139;34;44982;15226;2017;19025
Yaroslavskaya oblast ;17;45016;45078;45017;35.9;45167;14277.1;2017;19025
g.Moskva ;18;26;44989;45108;38.5;45075;29549.7;2017;19025
Respublika Kareliya ;19;36;45170;44959;35.1;45162;16244.8;2017;19025
Respublika Komi ;20;33.3;44959;44959;32.7;45106;16313.4;2017;19025
Arkhangelskaya oblast ;21;45135;44959;44986;42.4;45041;18844.1;2017;19025
Nenetskiy avt. okrug ;22;33.9;0.1;45109;45134;35.6;21452.6;2017;19025
Bologodskaya oblast ;23;34;44960;44928;34.5;44983;15452.4;2017;19025
Kaliningradskaya oblast ;24;35.6;44929;45047;36.8;23;14061.7;2017;19025
Leningradskaya oblast ;25;45199;45018;45108;37;28;17538.2;2017;19025
Murmanskaya oblast ;26;27;44987;44987;37.9;45076;23776.1;2017;19025
Hovgorodskaya oblast ;27;32.3;45171;0.8;36.5;45073;14533.1;2017;19025
Pskovskaya oblast ;28;34.6;45017;45170;39.2;45191;12793.7;2017;19025
g. Sankt-Peterburg ;29;45043;45051;2;36;44955;25142.2;2017;19025
Respublika Adygeya ;30;35.1;44959;0.8;37.5;45040;13095.1;2017;19025
Respublika Kalmykiya ;31;34.1;0.8;1;43.7;45036;10780.6;2017;19025
Respublika Krym ;36;43.9;44987;45017;31.6;45158;12115.3;2017;19025
Krasnodarskiy kray ;32;33;45171;45108;36.3;44952;16076.2;2017;19025
Astrakhanskaya oblast ;33;35.2;45171;45170;35.3;45131;14713.7;2017;19025
Bolgogradskaya oblast ;34;34.1;45047;45017;37.6;45041;13874.6;2017;19025
Postovskaya oblast ;35;32.7;45081;45109;32.5;45073;15394.8;2017;19025
g. Sevastopol ;37;51.6;44927;45170;45195;45064;18164.3;2017;19025
Respublika Dagestan ;38;58.5;0.2;0.4;45012;45090;9581.7;2017;19025
Respublika Ingushetiya ;39;59.7;0.4;0;45045;45056;7483.3;2017;19025
Kabardino-Balkarskaya respublika ;40;40.4;0.6;0.6;39.1;45004;11443.5;2017;19025
Karachaevo-Cherkesskaya Respublika;41;32.7;44986;0.2;37.8;28;10581.1;2017;19025
Respublika Severnaya Osetiya-Alaniya;42;39.1;44927;0.5;37.2;44948;11403.3;2017;19025
Chechenskaya Respublika ;43;32.8;44958;0;43.3;45129;10618.8;2017;19025
Ctavropolskiy kray ;44;31.2;45079;45170;34.4;45198;12608.7;2017;19025
Respublika Bashkortostan ;45;45077;3;45047;40.2;45161;15725.8;2017;19025
Respublika Mariy El ;46;34.4;45108;45170;35.8;44983;10330.1;2017;19025
Respublika Mordoviya ;47;39.6;45139;45139;34.9;45190;11257.4;2017;19025
Respublika Tatarstan ;48;45194;45141;45108;44.1;45070;15990.8;2017;19025
Udmurtskaya Respublika ;49;45195;4;45170;41.8;45041;16086.6;2017;19025
Chuvashskaya Respublika ;50;36.5;45140;45047;33.7;45071;9730;2017;19025
Permskiy kray ;51;45166;45079;45139;40.5;45011;15775.6;2017;19025
Kirovskaya oblast ;52;45138;45049;45079;37.5;45131;14010.6;2017;19025
Hizhegorodskaya oblast ;53;29.2;44929;44958;33.2;33.3;16775.3;2017;19025
Orenburgskaya oblast ;54;45167;45018;44986;44.2;45007;14369;2017;19025
Penzenskaya oblast ;55;34.9;45051;45139;36.5;45006;13435.8;2017;19025
Camarskaya oblast ;56;45138;45109;45139;36;45165;15056.6;2017;19025
Caratovskaya oblast ;57;42.3;45078;44986;45197;45194;11047.7;2017;19025
Ulyanovskaya oblast ;58;36.9;44928;44927;32.9;27;12050.5;2017;19025
Kurganskaya oblast ;59;30.2;0.6;45078;47.4;44977;12623.1;2017;19025
Cverdlovskaya oblast ;60;31;44989;45078;33.3;45167;17630.7;2017;19025
Tyumenskaya oblast ;61;45045;45017;45047;41.4;45011;19316.5;2017;19025
  Khanty-Mansiyskiy avt.okrug ;62;45040;45108;45047;45.9;45072;23009.5;2017;19025
  Yamalo-Nenetskiy avt. okrug ;63;44957;44927;45171;45137;34.2;20416.8;2017;19025
Chelyabinskaya oblast ;64;45046;45109;45017;37.1;45044;14430.8;2017;19025
Respublika Altay ;65;45137;1;1;43.8;45069;10793.4;2017;19025
Respublika Buryatiya ;66;32.8;45048;1;39.7;24;11749.6;2017;19025
Respublika Tyva ;67;36.6;44959;44958;37.5;45068;8411.9;2017;19025
Respublika Khakasiya ;68;31.2;45017;45078;42.8;23;13317.5;2017;19025
Altayskiy kray ;69;33.8;44958;45139;38.6;45101;11979.7;2017;19025
Zabaykalskiy kray ;70;33.7;3;44928;37.2;24;13379;2017;19025
Krasnoyarskiy kray ;71;45135;44959;45170;37.7;45075;17765;2017;19025
Irkutskaya oblast ;72;33.3;45017;44927;39.7;45070;13049.7;2017;19025
Kemerovskaya oblast ;73;34.8;44958;45139;37;44982;11866.9;2017;19025
Hovosibirskaya oblast ;74;31.9;44932;2;41;19;13779.2;2017;19025
Omskaya oblast ;75;33.4;45079;45108;45168;45077;12812.3;2017;19025
Tomskaya oblast ;76;45044;45048;45017;41.2;45072;16538.9;2017;19025
Respublika Sakha(Yakutiya) ;77;45107;45081;44986;32;45077;22611.5;2017;19025
Kamchatskiy kray ;78;45134;44959;45139;40.8;45073;30416.9;2017;19025
Primorskiy kray ;79;30;45141;45108;35.8;45135;18025.5;2017;19025
Xabarovskiy kray ;80;44953;3;44928;35.3;32.5;20744.3;2017;19025
Amurskaya oblast ;81;31;45017;45108;35.8;44956;14534.3;2017;19025
Magadanskaya oblast ;82;36.3;45017;44927;30.2;31;24066.1;2017;19025
Cakhalinskaya oblast ;83;44956;1;44986;41.5;44952;25126.5;2017;19025
Evreyskaya avt. oblast ;84;31.2;45170;45109;41.3;45191;14866.3;2017;19025
Chukotskiy avt. okrug ;85;39.8;0.2;44928;45044;45075;24621.2;2017;19025
Belgorodskaya oblast ;1;45107;45048;1.325;43.425;22.575;16683.68;2018;46478
Bryanskaya oblast ;2;36.8;1.675;20090;38.225;21.725;13723.05;2018;46478
Bladimirskaya oblast ;3;36.45;44986;1.125;33.45;27.675;14603.5;2018;46478
Boronezhskaya oblast ;4;32.45;0.675;1.125;39.6;44983;15762.58;2018;46478
Ivanovskaya oblast ;5;29.83;45108;2.375;38.775;45012;17182.45;2018;46478
Kaluzhskaya oblast ;6;30.85;2.225;45017;43.475;45068;17920.35;2018;46478
Kostromskaya oblast ;7;34.78;1.975;12816;36.825;44950;14880.78;2018;46478
Kurskaya oblast ;8;32.6;1.675;1.725;42.5;21.45;15039.45;2018;46478
Lipetskaya oblast ;9;33.78;3.025;44958;36.85;25.125;15194.23;2018;46478
Moskovskaya oblast ;10;25.35;3.175;1.325;38.325;31.85;23531.58;2018;46478
Orlovskaya oblast ;11;33.2;1.525;44958;40.075;24;13598.75;2018;46478
Ryazanskaya oblast ;12;40.73;1.425;44927;31.025;25.75;10951.93;2018;46478
Smolenskaya oblast ;13;45.48;0.45;0.95;29.475;23.675;13805.15;2018;46478
Tambovskaya oblast ;14;29.83;45017;0.55;41.8;26.425;12428.98;2018;46478
Tverskaya oblast ;15;37.65;1.775;34700;32.475;44952;14549.35;2018;46478
Tulskaya oblast ;16;38.53;45017;45139;31.35;26.925;15389.9;2018;46478
Yaroslavskaya oblast ;17;31.98;45171;20090;33.575;30;15542.18;2018;46478
g. Moskva ;18;24.53;5.625;1.875;35.95;32;31277.43;2018;46478
Respublika Kareliya ;19;31.53;12785;45170;41.4;23.85;17438.63;2018;46478
Respublika Komi ;20;32.4;1.925;1.675;34.775;29.2;16980.03;2018;46478
Arkhangelskaya oblast ;21;29.83;3.175;1.625;38.7;45133;19030.5;2018;46478
Nenetsskiy avtonomnyy okrug;22;32.53;0;2.325;45107;34.55;23036.53;2018;46478
Bologodskaya oblast ;23;34.33;3.375;45108;35.225;25.375;17024.1;2018;46478
Kaliningradskaya oblast ;24;33.55;42125;12785;37.25;45129;14896.15;2018;46478
Leningradskaya oblast ;25;33.48;2.675;1.575;32.15;30.125;16470;2018;46478
Murmanskaya oblast ;26;45010;20121;2.275;38.825;45077;25573.35;2018;46478
Novgorodskaya oblast ;27;34.18;2.525;45047;33.925;28.325;13571.75;2018;46478
Pskovskaya oblast ;28;35.03;27395;34700;36.025;25.25;13116.85;2018;46478
g. Sankt-Peterburg ;29;45073;31138;1.725;32.25;33.675;23922;2018;46478
Respublika Adygeya ;30;33.35;23743;0.85;39.1;45071;14544.45;2018;46478
Respublika Kalmykiya ;31;36.13;45047;1.125;40.55;21.125;10877;2018;46478
Respublika Krym ;36;42.73;3.475;1.275;45016;21.225;12613.95;2018;46478
Krasnodarskiy kray ;32;35.58;44929;45108;33.4;44983;15457.58;2018;46478
Astrakhanskaya oblast ;33;34.18;2.625;31048;38.7;22.675;16185.95;2018;46478
Bolgogradskaya oblast ;34;33.58;45047;1.575;38.15;44982;14393.98;2018;46478
Rostovskaya oblast ;35;32.23;5.525;45689;45076;29.95;16107.53;2018;46478
g. Sevastopol ;37;43.45;0.9;1.775;45016;22.55;16482.2;2018;46478
Respublika Dagestan ;38;53.88;0.325;0.525;45077;14.175;12649.2;2018;46478
Respublika Ingushetiya ;39;59.28;44927;0;25.175;14.45;8690.1;2018;46478
Kabardino-Balkarskaya Respublika ;40;43.13;0.575;0.35;36.225;19.725;11728.35;2018;46478
Karachaevo-Cherkesskaya Respublika ;41;30.78;2.175;0.2;39.45;27.425;11437.43;2018;46478
Respublika Severnaya Osetiya-Alaniya ;42;36.6;1.975;0.55;38.1;22.775;12329.15;2018;46478
Chechenskaya Respublika ;43;33.1;1.275;0;45.075;20.575;10677.75;2018;46478
Stavropolskiy kray ;44;27.93;44988;1.375;32.75;34.65;12767.75;2018;46478
Respublika Bashkortostan ;45;31.85;3.075;1.825;36.75;26.525;16336.25;2018;46478
Respublika Mariy El ;46;33.5;44988;1.575;35.375;26.275;10812.2;2018;46478
Respublika Mordoviya ;47;41.15;1.425;16438;33.875;22.15;10955.7;2018;46478
Respublika Tatarstan ;48;45068;42095;1.475;47.775;24.55;18998.6;2018;46478
Udmurtskaya Respublika ;49;45013;34759;42036;37.9;45134;15711.23;2018;46478
Chuvashskaya Respublika ;50;34.65;2.825;23743;33.7;27.15;10703.75;2018;46478
Permskiy kray ;51;28.58;2.875;1.925;38.875;27.725;15525.98;2018;46478
Kirovskaya oblast ;52;45016;3.525;45689;36.525;45042;14616.68;2018;46478
Nizhegorodskaya oblast ;53;27.73;3.775;1.225;39.175;28.075;17793.5;2018;46478
Orenburgskaya oblast ;54;32;3.825;44958;38.1;24.925;13216.7;2018;46478
Penzenskaya oblast ;55;35.6;3;1.875;33.725;25.825;12181.95;2018;46478
Samarskaya oblast ;56;29.53;16469;1.675;37.75;28.575;16356.85;2018;46478
Saratovskaya oblast ;57;39;1.775;1.325;45169;44952;11866.78;2018;46478
Ulyanovskaya oblast ;58;35.75;42005;45047;45106;32.45;12756.25;2018;46478
Kurganskaya oblast ;59;33.03;45078;1.675;40.75;22.925;11880.75;2018;46478
Sverdlovskaya oblast ;60;29.78;44990;1.625;34.45;28.875;17253.83;2018;46478
Tyumenskaya oblast ;61;45198;45018;23743;38.825;27.225;19261.33;2018;46478
Khanty-Mansiyskiy avt. okrug ;62;44980;45080;1.575;44;27.625;23565.63;2018;46478
Yamalo-Nenetskiy avt. okrug ;63;34.73;0.675;3.225;29.45;31.925;21459.55;2018;46478
Chelyabinskaya oblast ;64;45075;45049;31048;34.925;30.225;15108.85;2018;46478
Respublika Altay ;65;29.98;1.075;44958;42.65;25.125;11396.83;2018;46478
Respublika Buryatiya ;66;32.93;3.625;1.025;37.9;24.525;12439.33;2018;46478
Respublika Tyva ;67;35.43;1.725;1.375;39.15;22.35;9555.13;2018;46478
Respublika Khakasiya ;68;31.9;45078;31048;40.625;45070;13830.7;2018;46478
Altayskiy kray ;69;32.5;44958;1.525;39.925;24.85;12698.75;2018;46478
Zabaykalskiy kray ;70;33.2;1.975;1.675;38.425;45131;14566.83;2018;46478
Krasnoyarskiy kray ;71;29.48;45079;45139;37.175;28.975;18228.58;2018;46478
Irkutskaya oblast ;72;33;1.375;45658;38.675;25.675;13288.65;2018;46478
Kemerovskaya oblast ;73;32.3;1.225;1.575;40;45193;13414.18;2018;46478
Novosibirskaya oblast ;74;35.75;2.175;2.775;40.55;45156;13996.15;2018;46478
Omskaya oblast ;75;45137;45048;1.375;36.375;45075;14365.63;2018;46478
Tomskaya oblast ;76;29.85;3.175;45017;36.675;28.925;15580.88;2018;46478
Respublika Sakha(Yakutiya) ;77;31.63;3.175;45658;33.85;30.125;22729.45;2018;46478
Kamchatskiy kray ;78;27.28;44959;27395;38.45;30.325;28382.88;2018;46478
Primorskiy kray ;79;27.55;3.575;45139;39.95;27.15;21644.33;2018;46478
Khabarovskiy kray ;80;26.85;3.325;23743;34.875;33.3;21615.93;2018;46478
Amurskaya oblast ;81;27.25;0.95;1.525;41.775;28.55;16137.55;2018;46478
Magadanskaya oblast ;82;36.5;45048;0.95;30.125;30.375;25472.03;2018;46478
Sakhalinskaya oblast ;83;27.45;0.9;1.475;45.7;24.475;28502.13;2018;46478
Evreyskaya avt. oblast ;84;29.93;45047;45109;43.35;22.525;14882.3;2018;46478
Chukotskiy avt. okrug ;85;47.45;0.6;2.075;45163;45070;23432.88;2018;46478
Belgorodskaya oblast;1;31.65;45018;45078;41;45039;17978.35;2019;45049
Bryanskaya oblast;2;38.48;45108;45170;33.3;45101;13772.39;2019;45049
Vladimirskaya oblast;3;36.02;44986;44927;35.3;45011;15862.78;2019;45049
Voronezhskaya oblast;4;35.11;0.9;44986;33.7;29;14671.82;2019;45049
Ivanovskaya oblast;5;34.22;45108;45140;35.6;45132;17221.03;2019;45049
Kaluzhskaya oblast;6;32.73;45140;45017;38.1;25;18075.9;2019;45049
Kostromskaya oblast;7;34.58;44928;45018;36;25;15181.18;2019;45049
Kurskaya oblast;8;34.6;2;45108;39.8;45190;15472.33;2019;45049
Lipetskaya oblast;9;33.49;44928;44986;38.3;45162;16107.59;2019;45049
Moskovskaya oblast;10;45133;45140;44958;35.6;34.3;23769.75;2019;45049
Orlovskaya oblast;11;33.59;44986;44986;38.9;45162;13692.73;2019;45049
Ryazanskaya oblast;12;40.75;45047;44986;44957;45010;11904.68;2019;45049
Smolenskaya oblast;13;45.6;0.4;44927;45199;44948;15184.98;2019;45049
Tambovskaya oblast;14;33.68;45017;0.5;37.7;45164;11778.78;2019;45049
Tverskaya oblast;15;38.05;45139;45139;32;45011;14980.84;2019;45049
Tulskaya oblast;16;38.53;1;45108;33.7;44951;16111.53;2019;45049
Yaroslavskaya oblast;17;30.34;45109;45047;37.4;44954;16467.1;2019;45049
g. Moskva;18;20.99;45173;45139;38.7;33.7;41364.83;2019;45049
Respublika Kareliya;19;31.02;44987;45109;40.4;45100;19154.42;2019;45049
Respublika Komi;20;31.84;44986;44928;34.7;44956;17655.96;2019;45049
Arkhangelskaya oblast;21;45105;44928;44958;42.1;45072;21317.63;2019;45049
Nenetskiy avtonomnyy okrug;22;45073;0;45078;42.6;45013;27015.97;2019;45049
Vologodskaya oblast;23;35.05;45109;45017;33.2;45134;17323;2019;45049
Kaliningradskaya oblast;24;36.26;45080;2;33.5;45131;14984.01;2019;45049
Leningradskaya oblast;25;33.88;44929;45139;32.6;45135;19016.6;2019;45049
Murmanskaya oblast;26;25.28;45018;44959;37.7;32.5;26052.11;2019;45049
Novgorodskaya oblast;27;33.73;44987;0.8;32.9;30.2;15243.53;2019;45049
Pskovskaya oblast;28;34.79;45078;45139;36.1;45132;13474.42;2019;45049
g. Sankt-Peterburg;29;27.14;45050;45078;32.9;33.9;27013.31;2019;45049
Respublika Adygeya;30;35.09;2;0.8;35.4;45133;15458.72;2019;45049
Respublika Kalmykiya;31;36.23;1;1;39.4;45007;11608.21;2019;45049
Respublika Krym;36;41.74;45018;0.9;33.7;45006;13386.14;2019;45049
Krasnodarskiy kray;32;35.87;4;45078;33.1;45041;17466.5;2019;45049
Astrakhanskaya oblast;33;34.91;44959;45108;37.6;45100;17110;2019;45049
Volgogradskaya oblast;34;37.44;45017;44986;34.8;44951;15176.03;2019;45049
Rostovskaya oblast;35;31.69;45173;44959;45015;45199;16519.81;2019;45049
g. Sevastopol;37;47.03;45139;44958;44950;45194;14232.83;2019;45049
Respublika Dagestan;38;49.34;0.7;0.6;36.9;45058;14294.32;2019;45049
Respublika Ingushetiya;39;59.84;45111;0.1;45189;45030;9958.08;2019;45049
Kabardino-Balkarskaya;40;42.13;1;0.6;36.2;44946;11459.36;2019;45049
Karachaevo-Cherkesskaya;41;45106;45078;0.2;41;44985;12340.41;2019;45049
Respublika Severnaya;42;39.29;45017;0.6;35.4;45008;12723.29;2019;45049
Chechenskaya Respublika;43;32.62;45078;0;44.4;45037;11061.22;2019;45049
Stavropolskiy kray;44;29.25;45048;45078;33.9;32.7;13514.83;2019;45049
Respublika Bashkortostan;45;28.38;45018;45047;40.8;45164;17745.8;2019;45049
Respublika Mariy El;46;32.29;45048;45108;36.3;45012;11625.01;2019;45049
Respublika Mordoviya;47;41.49;44928;45017;32.1;45191;11956.44;2019;45049
Respublika Tatarstan;48;24.53;44990;45108;41.6;45164;17823.36;2019;45049
Udmurtskaya Respublika;49;28.17;45141;44928;39.3;45103;16276.6;2019;45049
Chuvashskaya Respublika;50;35.6;44960;45078;45136;30;10540.63;2019;45049
Permskiy kray;51;26.89;3;45139;42.1;44983;18600.05;2019;45049
Kirovskaya oblast;52;30.36;45110;45170;38.6;45071;16494.47;2019;45049
Nizhegorodskaya oblast;53;45199;45050;45017;35.1;44985;16373.02;2019;45049
Orenburgskaya oblast;54;32.52;45170;44958;38.8;45102;14104.94;2019;45049
Penzenskaya oblast;55;33.9;45078;45170;35.5;44953;13757.25;2019;45049
Samarskaya oblast;56;29.48;45109;44928;40.1;45132;18136.55;2019;45049
Saratovskaya oblast;57;40.75;44960;45108;45074;45194;13500.73;2019;45049
Ulyanovskaya oblast;58;37;0.7;1;31.6;45106;13156.21;2019;45049
Kurganskaya oblast;59;31.4;45170;45108;43.8;44947;13751.28;2019;45049
Sverdlovskaya oblast;60;30.23;45111;45108;32.6;45168;17812.2;2019;45049
Tyumenskaya oblast;61;28.17;45078;45047;40.6;44954;20707.78;2019;45049
Khanty-Mansiyskiy ;62;24.32;44958;45078;42.2;45137;23298.5;2019;45049
Yamalo-Nenetskiy ;63;24.98;45108;44959;43.6;45073;29639.17;2019;45049
Chelyabinskaya oblast;64;45198;44960;2;34.7;30.2;15595.49;2019;45049
Respublika Altay;65;45136;45108;45017;42.4;45131;11899.58;2019;45049
Respublika Tyva;67;30.82;45048;1;41.8;45192;10510.58;2019;45049
Respublika Khakasiya;68;31.57;44928;45139;41.8;45129;14757.65;2019;45049
Altayskiy kray;69;33.96;44928;45078;37.9;45040;13203.15;2019;45049
Krasnoyarskiy kray;71;27.37;45079;45139;39.2;44955;19869.81;2019;45049
Irkutskaya oblast;72;29.59;45047;44958;43.7;24;16587.24;2019;45049
Kemerovskaya oblast;73;31.82;44958;45017;39.7;45194;14205.94;2019;45049
Novosibirskaya oblast;74;38.28;44988;44988;35.5;45096;14393.65;2019;45049
Omskaya oblast;75;32.91;44928;45108;36.4;45195;15120.01;2019;45049
Tomskaya oblast;76;29.13;45080;45108;36.4;44955;17333.79;2019;45049
Respublika Buryatiya;66;28.93;45018;0.8;42.3;45071;12439.86;2019;45049
Respublika Sakha (Yakutiya);77;29.16;45171;44986;37.4;29.2;24253.49;2019;45049
Zabaykalskiy kray;70;34.28;2;44928;37.9;45130;14859.94;2019;45049
Kamchatskiy kray;78;24.74;0.9;45139;43.2;45045;30733.9;2019;45049
Primorskiy kray;79;30.82;45020;45139;36.7;45042;21187.88;2019;45049
Khabarovskiy kray;80;25.79;45109;45108;39.3;45076;23193.61;2019;45049
Amurskaya oblast;81;45165;0.9;45047;39.8;30;16286.39;2019;45049
Magadanskaya oblast;82;29.44;44929;1;45077;34.9;30907.18;2019;45049
Sakhalinskaya oblast;83;31.79;45078;45047;38.7;45042;24675.18;2019;45049
Evreyskaya avtonomnaya oblast;84;29.25;44986;45018;43.2;45161;16118.7;2019;45049
Chukotskiy avtonomnyy okrug;85;41.24;0.1;45048;28;44985;21392.16;2019;45049
Belgorodskaya oblast;1;33.65;45047;45017;43;45036;18425.7;2020;33329
Bryanskaya oblast;2;38.48;44928;45047;38.3;45126;14284.17;2020;33329
Vladimirskaya oblast;3;40.15;0.9;44958;33.5;45009;14812.64;2020;33329
Voronezhskaya oblast;4;37.7;0.5;44927;35;45102;14323.19;2020;33329
Ivanovskaya oblast;5;33.4;44986;45171;39.7;45129;17679.64;2020;33329
Kaluzhskaya oblast;6;35.03;44958;45108;39.8;45038;18031.17;2020;33329
Kostromskaya oblast;7;35.57;45017;45139;40.4;45158;16342.54;2020;33329
Kurskaya oblast;8;35.86;44986;45017;41.2;45005;15463.43;2020;33329
Lipetskaya oblast;9;36.4;44927;45017;37.9;44980;15732.06;2020;33329
Moskovskaya oblast;10;28.71;45170;45047;41.6;45011;23852.33;2020;33329
Orlovskaya oblast;11;30.82;44958;0.9;47.1;20;15603.58;2020;33329
Ryazanskaya oblast;12;38.26;0.9;1;40.4;45065;14319.11;2020;33329
Smolenskaya oblast;13;49.05;0.2;0.5;45105;45098;14561.2;2020;33329
Tambovskaya oblast;14;33.74;45170;0.5;41;45191;13111.76;2020;33329
Tverskaya oblast;15;40.38;0.6;45139;33.9;45008;15348.37;2020;33329
Tulskaya oblast;16;38.19;0.3;45017;36.7;45008;17223.52;2020;33329
Yaroslavskaya oblast;17;35.01;44928;45047;45137;45137;15067.07;2020;33329
g. Moskva;18;31.17;44929;45140;45166;34.1;32020.25;2020;33329
Respublika Kareliya;19;32;0.6;45018;44.5;45097;19914.27;2020;33329
Respublika Komi;20;32.77;45017;2;36.7;44953;18398.28;2020;33329
Arkhangelskaya oblast;21;27.49;44958;44986;48.4;45098;22629.71;2020;33329
Nenetskiy avtonomnyy okrug;22;31.54;0;45108;38.6;44954;23806.46;2020;33329
Vologodskaya oblast;23;35.52;45108;45139;38.9;44948;19010.39;2020;33329
Kaliningradskaya oblast;24;38.48;45170;45139;38.4;45004;16207.58;2020;33329
Leningradskaya oblast;25;35.35;45048;45139;37.2;44980;20260.12;2020;33329
Murmanskaya oblast;26;26;2;44987;41;45135;28103.84;2020;33329
Novgorodskaya oblast;27;32.23;44927;44927;39.2;44983;16373.69;2020;33329
Pskovskaya oblast;28;36.95;0.9;2;37.2;23;13853.8;2020;33329
g. Sankt-Peterburg;29;29.77;44989;2;36.1;45165;27061.74;2020;33329
Respublika Adygeya;30;36.35;45017;0.9;39.4;45190;16073.16;2020;33329
Respublika Kalmykiya;31;37.64;0.5;0.9;43.2;45124;13475.3;2020;33329
Respublika Krym;36;45.91;44986;0.9;30.2;45128;12431.12;2020;33329
Krasnodarskiy kray;32;36.59;45079;45108;35.3;45192;16941.54;2020;33329
Astrakhanskaya oblast;33;36.96;45047;45108;37;45160;17478.4;2020;33329
Volgogradskaya oblast;34;36.82;0.8;44958;39;44979;15887.71;2020;33329
Rostovskaya oblast;35;32.56;45142;44987;32.4;28;16653.86;2020;33329
g. Sevastopol;37;44.9;1;45018;32.4;45004;20115.43;2020;33329
Respublika Dagestan;38;55.01;0.1;0.6;45168;45059;12801.72;2020;33329
Respublika Ingushetiya;39;53.54;44989;0.2;45046;45057;12269.02;2020;33329
Kabardino-Balkarskaya;40;45.04;0.6;0.4;34;45188;10157.54;2020;33329
Karachaevo-Cherkesskaya;41;30;1;0.3;43.9;45162;12938.25;2020;33329
Respublika Severnaya;42;42.03;44958;0.6;35.7;45036;12540.11;2020;33329
Chechenskaya Respublika;43;40.04;0.8;0;42.5;45123;10506.49;2020;33329
Stavropolskiy kray;44;30.98;45047;45017;39.6;45072;14612.87;2020;33329
Respublika Bashkortostan;45;32.65;45170;45108;39.8;24;17023.97;2020;33329
Respublika Mariy El;46;37.38;44986;45078;35;45131;10962.66;2020;33329
Respublika Mordoviya;47;41.75;1;45078;34.5;44978;12675.77;2020;33329
Respublika Tatarstan;48;44982;44960;45078;46.5;45130;17497.81;2020;33329
Udmurtskaya Respublika;49;29.99;45109;44928;40.1;25;15603.88;2020;33329
Chuvashskaya Respublika;50;35.55;45018;44958;35.7;44982;11085.04;2020;33329
Permskiy kray;51;31.89;45048;44959;38.2;44982;16466.68;2020;33329
Kirovskaya oblast;52;33.53;45108;45139;40.1;45160;15890.97;2020;33329
Nizhegorodskaya oblast;53;36.52;45171;45078;45077;45073;16283.22;2020;33329
Orenburgskaya oblast;54;35.11;45078;44986;39.9;44948;14721.9;2020;33329
Penzenskaya oblast;55;34.96;0.7;45108;37.4;44982;13922.42;2020;33329
Samarskaya oblast;56;33.42;44987;44928;38.9;44980;17439.78;2020;33329
Saratovskaya oblast;57;40.71;45017;45017;32.8;45161;13393.26;2020;33329
Ulyanovskaya oblast;58;36.52;0.5;1;36.3;45132;14034.22;2020;33329
Kurganskaya oblast;59;37.69;44958;45139;40.3;44945;14075.21;2020;33329
Sverdlovskaya oblast;60;31.51;44959;45047;36.6;44954;18416.36;2020;33329
Tyumenskaya oblast;61;28.13;0.7;44986;44.8;25;22372.55;2020;33329
Khanty-Mansiyskiy ;62;22.33;0.3;44958;50.4;45132;26034.55;2020;33329
Yamalo-Nenetskiy ;63;29.17;0.7;3;39;44954;27662.41;2020;33329
Chelyabinskaya oblast;64;32.85;45139;44928;37.9;45041;15892.81;2020;33329
Respublika Altay;65;29.44;0.9;44986;45.8;45068;12306.39;2020;33329
Respublika Tyva;67;45137;44927;0.6;45.9;45007;11461.65;2020;33329
Respublika Khakasiya;68;31.67;0.9;45108;46;45157;17180.09;2020;33329
Altayskiy kray;69;34.39;44927;45108;40;45160;12892.87;2020;33329
Krasnoyarskiy kray;71;30.22;45018;45108;37.9;45134;19331.48;2020;33329
Irkutskaya oblast;72;34.53;0.8;45017;41.9;45037;16671.23;2020;33329
Kemerovskaya oblast;73;31.06;0.7;45017;43;45192;15512.11;2020;33329
Novosibirskaya oblast;74;33.06;1;45140;44.4;45125;15357.68;2020;33329
Omskaya oblast;75;37.71;44959;44986;34.6;44981;15067.18;2020;33329
Tomskaya oblast;76;28.36;45139;45170;43.8;44981;18114.7;2020;33329
Respublika Buryatiya;66;36.48;1;45017;40.5;45097;13833.59;2020;33329
Respublika Sakha (Yakutiya);77;32.7;44959;44986;38.5;45041;22988.66;2020;33329
Zabaykalskiy kray;70;36.62;45109;2;36.9;45159;16073.1;2020;33329
Kamchatskiy kray;78;29.39;0.6;45139;43.4;45162;30573.97;2020;33329
Primorskiy kray;79;30.77;44988;2;36;45196;21496.46;2020;33329
Khabarovskiy kray;80;28.84;2;44928;39.6;45104;23196.35;2020;33329
Amurskaya oblast;81;27.87;0.2;44986;44;45133;17631.29;2020;33329
Magadanskaya oblast;82;33.29;44928;45017;32.7;45107;29810.85;2020;33329
Sakhalinskaya oblast;83;34.38;0.5;44958;42.1;45159;27382.62;2020;33329
Evreyskaya avtonomnaya oblast;84;29.39;1;45109;45.1;45159;18072.52;2020;33329
Chukotskiy avtonomnyy okrug;85;41.21;0;45109;29.2;45164;22417.51;2020;33329
Belgorodskaya oblast;1;31.91;2;44986;43.4;45067;20285.88;2021;14458
Bryanskaya oblast;2;39.62;44927;45047;34.8;23;15228.14;2021;14458
Vladimirskaya oblast;3;35.86;45170;44986;36;45193;17783.49;2021;14458
Voronezhskaya oblast;4;36.7;0.9;44927;34.6;45164;15311.51;2021;14458
Ivanovskaya oblast;5;32.87;44927;44959;39.7;44950;19094.64;2021;14458
Kaluzhskaya oblast;6;30.82;0.9;45018;44.4;45098;22705.44;2021;14458
Kostromskaya oblast;7;33.02;44986;45078;42.4;45098;19254.14;2021;14458
Kurskaya oblast;8;33.58;45109;45017;42.6;45126;19097.5;2021;14458
Lipetskaya oblast;9;35.79;45139;45017;37.1;45161;17820.6;2021;14458
Moskovskaya oblast;10;45198;44961;44986;45016;33.4;23035.49;2021;14458
Orlovskaya oblast;11;30.59;45139;44958;41.5;45193;16739.61;2021;14458
Ryazanskaya oblast;12;40.74;1;1;45076;45164;14027.64;2021;14458
Smolenskaya oblast;13;44.2;0.3;0.7;45136;44951;15498.03;2021;14458
Tambovskaya oblast;14;32.54;45017;0.6;37.2;45013;14517.61;2021;14458
Tverskaya oblast;15;38.92;44986;45139;35.7;45007;17567.6;2021;14458
Tulskaya oblast;16;39.16;0.5;44986;32;45195;17138.81;2021;14458
Yaroslavskaya oblast;17;32.7;44960;45108;32.3;30.2;17503.73;2021;14458
g. Moskva;18;28.31;45171;45108;45168;36.3;37054.09;2021;14458
Respublika Kareliya;19;34.39;45170;45109;32.4;45105;18448.52;2021;14458
Respublika Komi;20;31.45;1;45139;39;45133;21492.03;2021;14458
Arkhangelskaya oblast;21;30.74;45108;45047;37;44955;22207.94;2021;14458
Nenetskiy avtonomnyy okrug;22;26.51;0;44986;44.2;28;27255.98;2021;14458
Vologodskaya oblast;23;36.27;45048;45017;34;45163;19483.03;2021;14458
Kaliningradskaya oblast;24;37.51;45079;45170;36.6;45037;18041.29;2021;14458
Leningradskaya oblast;25;36.07;44930;45139;33;25;21257.24;2021;14458
Murmanskaya oblast;26;24.56;44959;44928;43.2;28;31624.31;2021;14458
Novgorodskaya oblast;27;32.42;45109;44986;38.4;44982;17556.94;2021;14458
Pskovskaya oblast;28;39.5;44986;44987;32.3;45070;14403.95;2021;14458
g. Sankt-Peterburg;29;29.33;44930;45047;35.6;45075;29291.7;2021;14458
Respublika Adygeya;30;35.29;44986;0.6;39.3;45039;18323.19;2021;14458
Respublika Kalmykiya;31;40.55;0.5;0.8;35;44980;13060.9;2021;14458
Respublika Krym;32;44.82;44959;0.9;45136;45007;14493.65;2021;14458
Krasnodarskiy kray;33;34.82;45079;45139;36.8;45192;18514.2;2021;14458
Astrakhanskaya oblast;34;38.21;44959;45108;35;45191;18871.45;2021;14458
Volgogradskaya oblast;35;36.45;45047;44958;36.3;45101;17101.17;2021;14458
Rostovskaya oblast;36;31.56;4;45139;32.3;45015;17956.27;2021;14458
g. Sevastopol;37;47.11;45108;45170;30.2;44945;21047.22;2021;14458
Respublika Dagestan;38;54.8;45018;0.5;44955;44970;15000.22;2021;14458
Respublika Ingushetiya;39;46.83;44989;0.1;35.8;45181;12486.46;2021;14458
Kabardino-Balkarskaya;40;43.97;0.3;0.4;33.9;45067;10656.69;2021;14458
Karachaevo-Cherkesskaya;41;45136;45051;0.2;39.8;45162;14670.01;2021;14458
Respublika Severnaya;42;41.33;0.5;0.5;36.4;45006;13667.1;2021;14458
Chechenskaya Respublika;43;39.18;45141;0;38.6;45034;12316.18;2021;14458
Stavropolskiy kray;44;33.04;44958;45078;35.5;45105;15947.84;2021;14458
Respublika Bashkortostan;45;29.95;3;45047;41;45070;19884.36;2021;14458
Respublika Mariy El;46;35.64;44958;44958;36.5;45071;13327.03;2021;14458
Respublika Mordoviya;47;41.43;44927;45078;32.7;44949;14087.31;2021;14458
Respublika Tatarstan;48;45257;44988;45078;40.5;45043;17922.67;2021;14458
Udmurtskaya Respublika;49;45045;45018;45139;41.7;45131;18662.53;2021;14458
Chuvashskaya Respublika;50;38.07;45079;45108;31;45133;11459.26;2021;14458
Permskiy kray;51;30.74;45018;45170;38.6;45042;18665.08;2021;14458
Kirovskaya oblast;52;31.69;44928;45139;39.8;45131;17900.2;2021;14458
Nizhegorodskaya oblast;53;29.62;44987;45017;42.6;44981;21834.23;2021;14458
Orenburgskaya oblast;54;34.61;45108;44958;39.6;23;15715.19;2021;14458
Penzenskaya oblast;55;33.83;44959;45139;34.4;45165;14898.84;2021;14458
Samarskaya oblast;56;30.36;45079;45108;40;45010;19557.75;2021;14458
Saratovskaya oblast;57;38.07;44959;1;35.1;45100;15638.88;2021;14458
Ulyanovskaya oblast;58;38.32;1;44927;45076;44955;15030.25;2021;14458
Kurganskaya oblast;59;36.39;44927;45108;41.7;44945;15827.82;2021;14458
Sverdlovskaya oblast;60;44957;44987;45047;37.1;28;20085.16;2021;14458
Tyumenskaya oblast;61;29.69;44927;45047;42.1;45102;25165.16;2021;14458
Khanty-Mansiyskiy ;62;24.87;44927;45108;43.6;45135;26441.04;2021;14458
Yamalo-Nenetskiy ;63;45257;1;45078;43.6;45103;38503.06;2021;14458
Chelyabinskaya oblast;64;29.33;44987;45139;39.2;45043;18680.72;2021;14458
Respublika Altay;65;30.84;0.8;44958;45.3;45190;13455.87;2021;14458
Respublika Tyva;67;24.43;45170;0.6;51.3;45159;14448.4;2021;14458
Respublika Khakasiya;68;32.46;1;45047;42.7;45007;17657.13;2021;14458
Altayskiy kray;69;32.86;0.7;44958;43.4;45190;14472.93;2021;14458
Krasnoyarskiy kray;71;27.19;45140;45108;39.8;45074;23264.01;2021;14458
Irkutskaya oblast;72;33.88;0.8;44986;40.2;45161;18594.55;2021;14458
Kemerovskaya oblast;73;32.12;0.7;45017;38.2;45104;15688.76;2021;14458
Novosibirskaya oblast;74;34.57;45078;45048;40.2;44978;16307.79;2021;14458
Omskaya oblast;75;35.63;45048;45139;45169;45013;15547.78;2021;14458
Tomskaya oblast;76;30.29;45079;45047;35.6;30;17399.87;2021;14458
Respublika Buryatiya;66;33.91;45078;0.7;40.6;44949;14098.87;2021;14458
Respublika Sakha (Yakutiya);77;32.25;45079;1;36.3;45165;23809.99;2021;14458
Zabaykalskiy kray;70;35.59;45017;45078;36.5;45193;18285.04;2021;14458
Kamchatskiy kray;78;45076;45018;45139;36.4;45014;30395.77;2021;14458
Primorskiy kray;79;28.49;44988;45017;37;45198;24628.8;2021;14458
Khabarovskiy kray;80;45165;45017;45047;38.3;31;24754.03;2021;14458
Amurskaya oblast;81;27.61;0.3;45017;43.3;45043;18979.81;2021;14458
Magadanskaya oblast;82;44985;45170;1;34.4;34.5;34695.75;2021;14458
Sakhalinskaya oblast;83;33.23;0.6;44958;38.8;44983;26732.61;2021;14458
Evreyskaya avtonomnaya oblast;84;30.78;44986;45109;41.6;45100;19175.15;2021;14458
Chukotskiy avtonomnyy okrug;85;38.62;0.1;44961;45136;45043;26277.37;2021;14458
Belgorodskaya oblast;1;36.13;44959;45017;35.3;25;19334.73;2022;14519
Bryanskaya oblast;2;38.67;45078;44927;36.8;45159;15463.53;2022;14519
Vladimirskaya oblast;3;34.56;44958;45078;35;45134;17915.47;2022;14519
Voronezhskaya oblast;4;37.77;0.2;1;35.5;45041;15522.29;2022;14519
Ivanovskaya oblast;5;30.98;45017;44928;44.2;45006;21243.63;2022;14519
Kaluzhskaya oblast;6;32.57;0.5;45108;40.1;44951;20525.93;2022;14519
Kostromskaya oblast;7;37.19;44928;2;35.8;23;18465.02;2022;14519
Kurskaya oblast;8;31.79;44958;44927;48.1;45155;20875.09;2022;14519
Lipetskaya oblast;9;37.26;44958;44927;32.5;45196;18064.74;2022;14519
Moskovskaya oblast;10;30.39;45050;1;45198;34.2;23978.98;2022;14519
Orlovskaya oblast;11;33.38;44927;1;37.8;45103;16393.14;2022;14519
Ryazanskaya oblast;12;43.48;0.9;45047;45165;45011;14139.65;2022;14519
Smolenskaya oblast;13;46.8;0.3;0.8;45132;45042;15408.85;2022;14519
Tambovskaya oblast;14;35.7;0.6;0.7;34;29;14121.22;2022;14519
Tverskaya oblast;15;39.71;45170;44959;32.8;45069;17434.93;2022;14519
Tulskaya oblast;16;38.64;0.6;44958;33.7;45194;17691.55;2022;14519
Yaroslavskaya oblast;17;34.7;44928;45139;31.4;44956;17300.94;2022;14519
g. Moskva;18;45064;44988;45017;52.2;44951;55284.03;2022;14519
Respublika Kareliya;19;38.2;45017;44928;45077;45164;18224.95;2022;14519
Respublika Komi;20;34.33;44958;45139;32.9;45167;19813.73;2022;14519
Arkhangelskaya oblast;21;45073;45078;44958;38.7;45077;27654.26;2022;14519
   v tom chisle:                   Nenetskiy avtonomnyy okrug;22;32.41;0;45141;45016;32.5;19295.65;2022;14519
Vologodskaya oblast;23;35.93;45139;45017;32.9;28;20894.18;2022;14519
Kaliningradskaya oblast;24;38.71;0.5;45047;37.2;44948;18129.82;2022;14519
Leningradskaya oblast;25;37.74;3;45108;32.9;45131;20765.67;2022;14519
Murmanskaya oblast;26;29.28;44929;2;34.7;45168;30722.11;2022;14519
Novgorodskaya oblast;27;35.09;45047;44958;36.6;45102;17791.53;2022;14519
Pskovskaya oblast;28;37.53;0.3;45078;37.6;45191;16645.62;2022;14519
g. Sankt-Peterburg;29;30.84;45019;45078;35.1;44955;29749.22;2022;14519
Respublika Adygeya;30;41.73;0.7;0.6;31.6;45041;16444.44;2022;14519
Respublika Kalmykiya;31;43.91;0.2;0.6;45167;45071;12939.74;2022;14519
Respublika Krym;32;45.23;45018;44986;45135;45038;14541.54;2022;14519
Krasnodarskiy kray;33;34.61;45048;44986;45077;44956;18714.12;2022;14519
Astrakhanskaya oblast;34;39.07;45047;45047;33;45193;18713.53;2022;14519
Volgogradskaya oblast;35;37.75;45047;44958;34.6;25;17247.23;2022;14519
Rostovskaya oblast;36;32.11;45019;45017;33.5;45106;17922.76;2022;14519
g. Sevastopol;37;47.6;45139;45018;45197;44976;21333.4;2022;14519
Respublika Dagestan;38;63.34;0.2;0.3;44944;18;13883.87;2022;14519
Respublika Ingushetiya;39;46.48;45142;0;34.2;45060;10924.79;2022;14519
Kabardino-Balkarskaya;40;41.36;0.5;0.3;33.5;45009;11263.03;2022;14519
Karachaevo-Cherkesskaya;41;32.02;0.6;0.2;39.3;45196;13519;2022;14519
Respublika Severnaya;42;34.99;0.8;0.4;42.9;45189;15488.5;2022;14519
Chechenskaya Respublika;43;40.38;0.5;0;38.5;45097;13250.02;2022;14519
Stavropolskiy kray;44;36.66;0.5;45078;45138;45075;15662.09;2022;14519
Respublika Bashkortostan;45;29.66;45049;44958;40.7;25;20623.85;2022;14519
Respublika Mariy El;46;35.4;45017;1;34.5;45134;14149.86;2022;14519
Respublika Mordoviya;47;43.15;44958;45017;45138;45068;14421.82;2022;14519
Respublika Tatarstan;48;28.65;44930;45078;41.6;24;19976.8;2022;14519
Udmurtskaya Respublika;49;31.82;44988;2;37.8;44951;17605.28;2022;14519
Chuvashskaya Respublika;50;39.67;45018;45078;45198;45072;12747.06;2022;14519
Permskiy kray;51;45045;45108;45078;42.3;25;20335.91;2022;14519
Kirovskaya oblast;52;32.32;45172;45108;35.3;45164;18057.08;2022;14519
Nizhegorodskaya oblast;53;33.33;45021;44986;36.5;45069;20933.04;2022;14519
Orenburgskaya oblast;54;35.47;2;44927;33.1;45074;15244.95;2022;14519
Penzenskaya oblast;55;36.59;0.3;45139;34.7;45103;15452.28;2022;14519
Samarskaya oblast;56;33.19;45018;45139;36.2;45042;18793.72;2022;14519
Saratovskaya oblast;57;42.16;45078;1;45042;45197;14357.45;2022;14519
Ulyanovskaya oblast;58;38.26;0.6;44986;45044;31.4;15488.21;2022;14519
Kurganskaya oblast;59;40.34;0.6;45078;37.2;45005;15602.18;2022;14519
Sverdlovskaya oblast;60;34.01;45050;45170;35.7;45192;20742.74;2022;14519
Tyumenskaya oblast;61;31.85;44958;45108;39.7;45071;26077.62;2022;14519
   v tom chisle:                     Khanty-Mansiyskiy ;62;27.61;45047;45170;40.1;45197;28794.38;2022;14519
Yamalo-Nenetskiy ;63;32.51;0.8;45139;39;45194;33912.11;2022;14519
Chelyabinskaya oblast;64;32.4;45109;44987;33.2;45045;18195.42;2022;14519
Respublika Altay;65;28.83;0.7;44958;47.7;45098;14008.17;2022;14519
Respublika Tyva;67;32.77;44959;1;38.7;45041;11892.18;2022;14519
Respublika Khakasiya;68;34.28;45139;45047;36.2;44983;16596.36;2022;14519
Altayskiy kray;69;38.77;0.9;44958;34.2;45193;13466.64;2022;14519
Krasnoyarskiy kray;71;45138;45048;44928;33.5;30.2;21680.17;2022;14519
Irkutskaya oblast;72;34.49;0.9;45047;37.5;45132;18769.64;2022;14519
Kemerovskaya oblast;73;34.45;0.6;45047;34.5;45197;15698.18;2022;14519
Novosibirskaya oblast;74;37.79;0.9;44928;37.4;45159;15408.75;2022;14519
Omskaya oblast;75;39.49;45018;45078;45168;45132;15734.95;2022;14519
Tomskaya oblast;76;31.32;44987;45078;37.2;45073;18554.46;2022;14519
Respublika Buryatiya;66;38.1;44986;0.9;33.5;44983;13165.56;2022;14519
Respublika Sakha (Yakutiya);77;34.02;44959;1;33.9;45197;23351.14;2022;14519
Zabaykalskiy kray;70;39.04;44958;45139;33.8;44981;17937.33;2022;14519
Kamchatskiy kray;78;32.48;44959;44959;32.7;45046;29300.72;2022;14519
Primorskiy kray;79;26.29;44960;44958;44.5;45162;28546.04;2022;14519
Khabarovskiy kray;80;28;45047;45078;38.6;30.2;24233.04;2022;14519
Amurskaya oblast;81;24.79;1;44927;47.1;26;20439.41;2022;14519
Magadanskaya oblast;82;32.88;45018;44958;45107;32.9;32713;2022;14519
Sakhalinskaya oblast;83;34.31;44987;45017;33.5;45074;24983.83;2022;14519
Evreyskaya avtonomnaya oblast;84;30.24;1;45109;38.6;45073;20184.95;2022;14519
Chukotskiy avtonomnyy okrug;85;41;0.5;3;44955;45042;25545.78;2022;14519
